cidade,qtde_ocorr,perc_ocorr
RIO DE JANEIRO,599,6.1
SÃO PAULO,521,5.31
GUARULHOS,357,3.64
CAMPINAS,351,3.57
BELO HORIZONTE,274,2.79
BRASÍLIA,269,2.74
GOIÂNIA,225,2.29
PORTO ALEGRE,219,2.23
LONDRINA,207,2.11
MANAUS,206,2.1
SALVADOR,189,1.92
RECIFE,168,1.71
CURITIBA,148,1.51
BELÉM,145,1.48
CONFINS,122,1.24
CAMPO GRANDE,116,1.18
RIBEIRÃO PRETO,109,1.11
JUNDIAÍ,106,1.08
FORTALEZA,103,1.05
MACAÉ,101,1.03
FLORIANÓPOLIS,99,1.01
BRAGANÇA PAULISTA,87,0.89
VITÓRIA,75,0.76
UBERLÂNDIA,72,0.73
SÃO JOSÉ DOS PINHAIS,70,0.71
CAMPOS DOS GOYTACAZES,61,0.62
NAVEGANTES,59,0.6
CUIABÁ,59,0.6
SÃO JOSÉ DOS CAMPOS,56,0.57
MARINGÁ,53,0.54
RIO BRANCO,51,0.52
VÁRZEA GRANDE,50,0.51
SOROCABA,49,0.5
SANTARÉM,48,0.49
SÃO LUÍS,44,0.45
NÃO IDENTIFICADA,43,0.44
SÃO JOSÉ DO RIO PRETO,41,0.42
PALMAS,41,0.42
COARI,39,0.4
ITAITUBA,39,0.4
FOZ DO IGUAÇU,38,0.39
TERESINA,37,0.38
JOINVILLE,37,0.38
PORTO VELHO,32,0.33
JUIZ DE FORA,32,0.33
CASCAVEL,32,0.33
BOA VISTA,31,0.32
MARABÁ,30,0.31
PARÁ DE MINAS,29,0.3
PORTO SEGURO,29,0.3
PIRACICABA,28,0.29
BAURU,27,0.27
MACEIÓ,25,0.25
ATIBAIA,25,0.25
ARACAJU,25,0.25
RONDONÓPOLIS,24,0.24
CABO FRIO,24,0.24
ILHÉUS,23,0.23
MONTES CLAROS,23,0.23
UBERABA,23,0.23
JUAZEIRO DO NORTE,22,0.22
AMERICANA,22,0.22
VILA VELHA,21,0.21
RIO VERDE,21,0.21
LUZIÂNIA,21,0.21
ANGRA DOS REIS,21,0.21
ARAÇATUBA,20,0.2
JOÃO PESSOA,20,0.2
MACAPÁ,20,0.2
SINOP,20,0.2
UBATUBA,19,0.19
SÃO FÉLIX DO XINGU,19,0.19
ELDORADO DO SUL,19,0.19
ANÁPOLIS,19,0.19
ALTAMIRA,19,0.19
NOVO PROGRESSO,18,0.18
CARAUARI,18,0.18
PRIMAVERA DO LESTE,18,0.18
PASSO FUNDO,18,0.18
TEFÉ,17,0.17
VITÓRIA DA CONQUISTA,16,0.16
PONTA GROSSA,16,0.16
MARICÁ,16,0.16
CORUMBÁ,16,0.16
PRESIDENTE PRUDENTE,15,0.15
ALTO ALEGRE,15,0.15
SANTO ANTÔNIO DO LEVERGER,15,0.15
URUGUAIANA,14,0.14
PETROLINA,14,0.14
MARÍLIA,14,0.14
ITÁPOLIS,14,0.14
IMPERATRIZ,14,0.14
CAXIAS DO SUL,13,0.13
BIRITIBA-MIRIM,13,0.13
BLUMENAU,13,0.13
CORRENTINA,13,0.13
FORMOSA,13,0.13
SÃO DESIDÉRIO,13,0.13
TANGARÁ DA SERRA,13,0.13
VILHENA,12,0.12
SORRISO,12,0.12
SANTA MARIA,12,0.12
RIO CLARO,12,0.12
PORTO BELO,12,0.12
PONTA PORÃ,12,0.12
CRUZEIRO DO SUL,12,0.12
BALSAS,12,0.12
ALEGRETE,12,0.12
LUCAS DO RIO VERDE,11,0.11
ARAGUAÍNA,11,0.11
ARAPONGAS,11,0.11
GUARATINGUETÁ,11,0.11
BOITUVA,11,0.11
NOVO HAMBURGO,11,0.11
SÃO JOSÉ,11,0.11
PELOTAS,11,0.11
SANTO ÂNGELO,11,0.11
POCONÉ,10,0.1
CACHOEIRA DO SUL,10,0.1
CANARANA,10,0.1
TAUBATÉ,10,0.1
DIVINÓPOLIS,10,0.1
QUIRINÓPOLIS,10,0.1
REDENÇÃO,10,0.1
SANTA VITÓRIA DO PALMAR,10,0.1
SAPEZAL,10,0.1
ITANHAÉM,10,0.1
JACAREACANGA,9,0.09
ALTA FLORESTA,9,0.09
CANELA,9,0.09
CARAZINHO,9,0.09
CARUARU,9,0.09
ERECHIM,9,0.09
PARAGOMINAS,9,0.09
LAGES,9,0.09
PARNAMIRIM,9,0.09
PORTO NACIONAL,9,0.09
POÇOS DE CALDAS,9,0.09
TABATINGA,9,0.09
PARAUAPEBAS,9,0.09
BEBEDOURO,8,0.08
CHAPADÃO DO SUL,8,0.08
CARACARAÍ,8,0.08
CANTÁ,8,0.08
CALDAS NOVAS,8,0.08
ARARAQUARA,8,0.08
BAYEUX,8,0.08
ARROIO GRANDE,8,0.08
AQUIRAZ,8,0.08
CRUZ ALTA,8,0.08
CHAPECÓ,8,0.08
PARATY,8,0.08
DOM PEDRITO,8,0.08
QUERÊNCIA,8,0.08
TATUÍ,8,0.08
SÃO BORJA,8,0.08
RIO GRANDE,8,0.08
RIBAS DO RIO PARDO,8,0.08
JATAÍ,8,0.08
PARINTINS,8,0.08
UIRAMUTÃ,8,0.08
OURILÂNDIA DO NORTE,8,0.08
MONTENEGRO,8,0.08
ITAQUI,7,0.07
AMAJARI,7,0.07
ARARAS,7,0.07
ARUANÃ,7,0.07
BARREIRAS,7,0.07
BOTUCATU,7,0.07
CAMPO LARGO,7,0.07
CAMPO NOVO DO PARECIS,7,0.07
CÁCERES,7,0.07
IGARASSU,7,0.07
IPATINGA,7,0.07
CATANDUVA,7,0.07
ITIRAPINA,7,0.07
SÃO FÉLIX DO ARAGUAIA,7,0.07
LUÍS EDUARDO MAGALHÃES,7,0.07
VILA BELA DA SANTÍSSIMA TRINDADE,7,0.07
VARGINHA,7,0.07
TRÊS LAGOAS,7,0.07
VIAMÃO,7,0.07
RESENDE,7,0.07
OSÓRIO,7,0.07
NOVA OLINDA DO NORTE,7,0.07
MIRANDA,7,0.07
CAMPO VERDE,6,0.06
ITIQUIRA,6,0.06
ITUMBIARA,6,0.06
ITAJUBÁ,6,0.06
IRACEMA,6,0.06
GURUPI,6,0.06
GUARUJÁ,6,0.06
GOVERNADOR VALADARES,6,0.06
DOURADOS,6,0.06
BRASNORTE,6,0.06
CAMPO MOURÃO,6,0.06
CAMPINA GRANDE,6,0.06
CAJAMAR,6,0.06
CAIRU,6,0.06
BARRETOS,6,0.06
BAGÉ,6,0.06
ALMEIRIM,6,0.06
JI-PARANÁ,6,0.06
JAGUARUNA,6,0.06
APARECIDA DE GOIÂNIA,6,0.06
LAGOA DA CONFUSÃO,6,0.06
PORTO MURTINHO,6,0.06
LEME,6,0.06
VERA CRUZ,6,0.06
TRINDADE,6,0.06
TAPURAH,6,0.06
SANTOS,6,0.06
SANTANA DO ARAGUAIA,6,0.06
RIO BRILHANTE,6,0.06
POUSO ALEGRE,6,0.06
ÁGUA BOA,6,0.06
PIRAQUARA,6,0.06
NOVO HORIZONTE,6,0.06
NOVA UBIRATÃ,6,0.06
NOVA LIMA,6,0.06
MANICORÉ,6,0.06
LUIZ ALVES,6,0.06
LENÇÓIS,6,0.06
PATOS DE MINAS,6,0.06
CANUTAMA,5,0.05
IVINHEMA,5,0.05
ITUPEVA,5,0.05
ITAJAÍ,5,0.05
IPIRANGA DO NORTE,5,0.05
GUARAPARI,5,0.05
FRANCA,5,0.05
DIAMANTINO,5,0.05
BENTO GONÇALVES,5,0.05
CAMPO FLORIDO,5,0.05
BURITAMA,5,0.05
BARÃO DE MELGAÇO,5,0.05
BARREIRINHAS,5,0.05
BARCELOS,5,0.05
ARIPUANÃ,5,0.05
ALTO PARAÍSO DE GOIÁS,5,0.05
MANOEL URBANO,5,0.05
LÁBREA,5,0.05
GOIANÁ,5,0.05
MARAÚ,5,0.05
SANTA CRUZ DO SUL,5,0.05
MARECHAL THAUMATURGO,5,0.05
ÁGUA CLARA,5,0.05
UNAÍ,5,0.05
TIETÊ,5,0.05
TEÓFILO OTONI,5,0.05
SÃO GONÇALO DO AMARANTE,5,0.05
SÃO CARLOS,5,0.05
VALENÇA,5,0.05
SALTO DE PIRAPORA,5,0.05
MOGI DAS CRUZES,5,0.05
RAPOSA,5,0.05
PIRASSUNUNGA,5,0.05
PARANATINGA,5,0.05
ORIXIMINÁ,5,0.05
NOVA ANDRADINA,5,0.05
RIO LARGO,5,0.05
FERNANDO DE NORONHA,4,0.04
FORMOSA DO RIO PRETO,4,0.04
GARUVA,4,0.04
GAVIÃO PEIXOTO,4,0.04
GUARAPUAVA,4,0.04
GUAÍRA,4,0.04
JABOTICABAL,4,0.04
IBITINGA,4,0.04
INACIOLÂNDIA,4,0.04
IPIXUNA,4,0.04
JUÍNA,4,0.04
LENÇÓIS PAULISTA,4,0.04
LINS,4,0.04
CHAVES,4,0.04
CONTAGEM,4,0.04
BOCA DO ACRE,4,0.04
CAÇAPAVA,4,0.04
CAUCAIA,4,0.04
CAMPINA GRANDE DO SUL,4,0.04
CAMETÁ,4,0.04
CAMBÉ,4,0.04
CAJATI,4,0.04
CACOAL,4,0.04
BREVES,4,0.04
BARRA DO BUGRES,4,0.04
AVARÉ,4,0.04
AQUIDAUANA,4,0.04
APUÍ,4,0.04
ANDRADINA,4,0.04
ALTO GARÇAS,4,0.04
MARITUBA,4,0.04
MANGARATIBA,4,0.04
ROSÁRIO DO SUL,4,0.04
MAUÉS,4,0.04
RIACHÃO DAS NEVES,4,0.04
MAÇAMBARÁ,4,0.04
VILA RICA,4,0.04
URUÇUÍ,4,0.04
UMUARAMA,4,0.04
TORRES,4,0.04
TAPES,4,0.04
SÃO SEPÉ,4,0.04
SÃO ROQUE,4,0.04
SOCORRO,4,0.04
SENA MADUREIRA,4,0.04
SANTANA DO LIVRAMENTO,4,0.04
SANTA TEREZINHA DE ITAIPU,4,0.04
SANTA FÉ DO SUL,4,0.04
VOTUPORANGA,4,0.04
URUAÇU,4,0.04
QUERÊNCIA DO NORTE,4,0.04
PALESTINA,4,0.04
MIRACATU,4,0.04
PONTES E LACERDA,4,0.04
NATAL,4,0.04
NAVIRAÍ,4,0.04
NOVA BANDEIRANTES,4,0.04
MOGI MIRIM,4,0.04
PARANAVAÍ,4,0.04
PAUINI,4,0.04
PEDRA PRETA,4,0.04
PENÁPOLIS,4,0.04
PEDRO OSÓRIO,4,0.04
PATROCÍNIO,4,0.04
FRANCISCO BELTRÃO,3,0.03
GUARANTÃ DO NORTE,3,0.03
GOIATUBA,3,0.03
GARIBALDI,3,0.03
FORMIGA,3,0.03
FORQUILHINHA,3,0.03
FERNANDÓPOLIS,3,0.03
FEIRA DE SANTANA,3,0.03
FEIJÓ,3,0.03
GUIRATINGA,3,0.03
ENVIRA,3,0.03
GUARATUBA,3,0.03
ITAQUIRAÍ,3,0.03
IPUÃ,3,0.03
IRANDUBA,3,0.03
ITACOATIARA,3,0.03
ITAPEMA,3,0.03
ITAPORÃ,3,0.03
ITAÍ,3,0.03
ITOBI,3,0.03
IVATÉ,3,0.03
JAGUARÉ,3,0.03
JARDIM,3,0.03
JUARA,3,0.03
EDÉIA,3,0.03
ELDORADO,3,0.03
CACEQUI,3,0.03
DIAMANTINA,3,0.03
CURVELO,3,0.03
ALTO PIQUIRI,3,0.03
ANAJÁS,3,0.03
ARAGARÇAS,3,0.03
BALSA NOVA,3,0.03
BENEVIDES,3,0.03
BIRIGUI,3,0.03
BODOQUENA,3,0.03
BOM JESUS,3,0.03
BRASILÂNDIA,3,0.03
CAARAPÓ,3,0.03
LAVRAS,3,0.03
CAMAQUÃ,3,0.03
CAMOCIM,3,0.03
CAPITÓLIO,3,0.03
CAPÃO DA CANOA,3,0.03
CAROLINA,3,0.03
CHAPADA DOS GUIMARÃES,3,0.03
CHAPADÃO DO CÉU,3,0.03
COCALINHO,3,0.03
COLÍDER,3,0.03
COROMANDEL,3,0.03
CORUPÁ,3,0.03
COSMÓPOLIS,3,0.03
LARANJAL DO JARI,3,0.03
BURITIS,3,0.03
LINHARES,3,0.03
SÃO JOÃO DEL REI,3,0.03
SANTA HELENA DE GOIÁS,3,0.03
SANTA INÊS,3,0.03
SANTA ISABEL,3,0.03
SANTA RITA,3,0.03
SANTA RITA DO PARDO,3,0.03
SANTA ROSA,3,0.03
SANTA ROSA DO PURUS,3,0.03
SANTANA DO PARAÍSO,3,0.03
SÃO FRANCISCO DO SUL,3,0.03
SÃO GABRIEL,3,0.03
SÃO GABRIEL DA CACHOEIRA,3,0.03
SÃO PEDRO,3,0.03
RESTINGA SECA,3,0.03
SÃO PEDRO DO SUL,3,0.03
SÃO SEBASTIÃO,3,0.03
SÃO SEBASTIÃO DO PARAÍSO,3,0.03
TAILÂNDIA,3,0.03
TELÊMACO BORBA,3,0.03
TERESÓPOLIS,3,0.03
TOLEDO,3,0.03
TUCUMÃ,3,0.03
VERA,3,0.03
ÁLVARES MACHADO,3,0.03
MARABÁ PAULISTA,3,0.03
ROSÁRIO OESTE,3,0.03
SÃO JOSÉ DO XINGU,3,0.03
PRADO,3,0.03
NOVO ARIPUANÃ,3,0.03
MATÃO,3,0.03
PORTO UNIÃO,3,0.03
MINEIROS,3,0.03
MOGI GUAÇU,3,0.03
MONTE ALEGRE,3,0.03
MONTIVIDIU,3,0.03
MORADA NOVA DE MINAS,3,0.03
MUCAJAÍ,3,0.03
NOBRES,3,0.03
NOVA MARINGÁ,3,0.03
NOVA XAVANTINA,3,0.03
MOSTARDAS,3,0.03
NOVO SÃO JOAQUIM,3,0.03
PATO BRANCO,3,0.03
PLANALTINA,3,0.03
PICOS,3,0.03
PERDIZES,3,0.03
PAULÍNIA,3,0.03
PIRACANJUBA,3,0.03
PARAGUAÇU PAULISTA,3,0.03
PALMEIRA DAS MISSÕES,3,0.03
OROCÓ,3,0.03
ORLÂNDIA,3,0.03
ENTRE-IJUÍS,2,0.02
DENISE,2,0.02
DOIS VIZINHOS,2,0.02
DRACENA,2,0.02
ELDORADO DOS CARAJÁS,2,0.02
ENGENHEIRO BELTRÃO,2,0.02
ESPIGÃO D'OESTE,2,0.02
ESMERALDAS,2,0.02
CURITIBANOS,2,0.02
ESPUMOSO,2,0.02
FELIXLÂNDIA,2,0.02
ESTÂNCIA,2,0.02
CURRALINHO,2,0.02
CONDEÚBA,2,0.02
CUMARU DO NORTE,2,0.02
CRICIÚMA,2,0.02
COXIM,2,0.02
COTIA,2,0.02
COTEGIPE,2,0.02
CORUMBÁ DE GOIÁS,2,0.02
CORNÉLIO PROCÓPIO,2,0.02
CORIBE,2,0.02
CONSELHEIRO LAFAIETE,2,0.02
CONQUISTA D'OESTE,2,0.02
CONFRESA,2,0.02
CONCÓRDIA,2,0.02
FONTE BOA,2,0.02
FELIZ NATAL,2,0.02
ITATIBA,2,0.02
FRUTAL,2,0.02
GAÚCHA DO NORTE,2,0.02
JACUPIRANGA,2,0.02
ITURAMA,2,0.02
ITU,2,0.02
CONCEIÇÃO DAS ALAGOAS,2,0.02
ITARIRI,2,0.02
ITAPIRA,2,0.02
ITAPIPOCA,2,0.02
ITAPEVA,2,0.02
ITAMBÉ,2,0.02
ITAMARATI,2,0.02
ITAMARAJU,2,0.02
ITABORAÍ,2,0.02
IPERÓ,2,0.02
INHAMBUPE,2,0.02
IMBITUBA,2,0.02
ILHOTA,2,0.02
IGUATU,2,0.02
IBOTIRAMA,2,0.02
IBIÁ,2,0.02
IBIRÁ,2,0.02
GURUPÁ,2,0.02
GUAÍBA,2,0.02
GUARARAPES,2,0.02
GUARAMIRIM,2,0.02
GUAPÉ,2,0.02
GUAPIAÇU,2,0.02
GOIANÉSIA DO PARÁ,2,0.02
CONCEIÇÃO DO ARAGUAIA,2,0.02
CABECEIRAS,2,0.02
COLNIZA,2,0.02
ARARI,2,0.02
BOA ESPERANÇA DO SUL,2,0.02
BERTIOGA,2,0.02
BATATAIS,2,0.02
BARRA VELHA,2,0.02
BARRA DO GARÇAS,2,0.02
BANDEIRANTES,2,0.02
BANANEIRAS,2,0.02
BALNEÁRIO CAMBORIÚ,2,0.02
ATALAIA DO NORTE,2,0.02
ASSIS,2,0.02
ARIQUEMES,2,0.02
AREALVA,2,0.02
ARAQUARI,2,0.02
BOM JESUS DE GOIÁS,2,0.02
ARAGUARI,2,0.02
ARACRUZ,2,0.02
APUCARANA,2,0.02
ANORI,2,0.02
AMAPORÃ,2,0.02
ALTO ARAGUAIA,2,0.02
ALTA FLORESTA D'OESTE,2,0.02
ALFENAS,2,0.02
ALCÂNTARA,2,0.02
JANAÚBA,2,0.02
ACREÚNA,2,0.02
ABADIA DE GOIÁS,2,0.02
BOM DESPACHO,2,0.02
BOM JESUS DO GALHO,2,0.02
COLATINA,2,0.02
CANÁPOLIS,2,0.02
CIANORTE,2,0.02
CHAPADA GAÚCHA,2,0.02
CERES,2,0.02
CEREJEIRAS,2,0.02
CEARÁ-MIRIM,2,0.02
CAÇU,2,0.02
CASTANHEIRA,2,0.02
CASSILÂNDIA,2,0.02
CAROEBE,2,0.02
CARAPICUÍBA,2,0.02
CARAGUATATUBA,2,0.02
CAPÃO DO LEÃO,2,0.02
CANOAS,2,0.02
BONFIM,2,0.02
CANDEIAS DO JAMARI,2,0.02
CAMPO MAGRO,2,0.02
CAMPO BONITO,2,0.02
CAMPINA VERDE,2,0.02
CAMAPUÃ,2,0.02
CAMANDUCAIA,2,0.02
CAIAPÔNIA,2,0.02
CAIABU,2,0.02
CACHOEIRA DO ARARI,2,0.02
BRUSQUE,2,0.02
BROTAS,2,0.02
BOQUIRA,2,0.02
JALES,2,0.02
AFUÁ,2,0.02
JAÍBA,2,0.02
PRESIDENTE CASTELO BRANCO,2,0.02
SÃO JOSÉ DE RIBAMAR,2,0.02
SÃO JOSÉ DE MIPIBU,2,0.02
SÃO JOAQUIM DA BARRA,2,0.02
SÃO GABRIEL DO OESTE,2,0.02
SÃO BERNARDO DO CAMPO,2,0.02
SONORA,2,0.02
SILVÂNIA,2,0.02
SIDROLÂNDIA,2,0.02
SERRA,2,0.02
SENADOR JOSÉ PORFÍRIO,2,0.02
SELVÍRIA,2,0.02
SCHROEDER,2,0.02
SANTO ANTÔNIO DO LESTE,2,0.02
SANTA RITA DO TRIVELATO,2,0.02
SANTA MÔNICA,2,0.02
SANTA LUZIA,2,0.02
SANTA ISABEL DO RIO NEGRO,2,0.02
ROSÁRIO,2,0.02
RIO VERDE DE MATO GROSSO,2,0.02
RIO NEGRINHO,2,0.02
RIO DAS OSTRAS,2,0.02
RIBEIRO GONÇALVES,2,0.02
RIACHÃO,2,0.02
QUATRO IRMÃOS,2,0.02
QUATRO BARRAS,2,0.02
QUARTO CENTENÁRIO,2,0.02
QUADRA,2,0.02
SÃO JOÃO DO CAIUÁ,2,0.02
SÃO LOURENÇO DO SUL,2,0.02
SÃO MANUEL,2,0.02
TUPI PAULISTA,2,0.02
JEQUITAÍ,2,0.02
ÓBIDOS,2,0.02
ÁGUAS INTERNACIONAIS,2,0.02
ÁGUA BRANCA,2,0.02
XINGUARA,2,0.02
VISCONDE DO RIO BRANCO,2,0.02
VILA PROPÍCIO,2,0.02
VIDEIRA,2,0.02
VERÍSSIMO,2,0.02
VERANÓPOLIS,2,0.02
UNIÃO DA VITÓRIA,2,0.02
ULIANÓPOLIS,2,0.02
TUPACIGUARA,2,0.02
SÃO MATEUS,2,0.02
TRÊS MARIAS,2,0.02
TIROS,2,0.02
TIRADENTES,2,0.02
TIMON,2,0.02
TERRA ROXA,2,0.02
TEIXEIRA DE FREITAS,2,0.02
TAPEJARA,2,0.02
TABOÃO DA SERRA,2,0.02
SÃO VICENTE,2,0.02
SÃO SEBASTIÃO DO PASSÉ,2,0.02
SÃO SEBASTIÃO DA BOA VISTA,2,0.02
SÃO MIGUEL DO IGUAÇU,2,0.02
PRESIDENTE FIGUEIREDO,2,0.02
TERRA RICA,2,0.02
PORTO FELIZ,2,0.02
NOVA ESPERANÇA,2,0.02
NAZÁRIO,2,0.02
MUNDO NOVO,2,0.02
MUCURI,2,0.02
MOSSORÓ,2,0.02
MIRASSOL D'OESTE,2,0.02
MIRASSOL,2,0.02
MIGUELÓPOLIS,2,0.02
MATÕES DO NORTE,2,0.02
MATEIROS,2,0.02
MATA DE SÃO JOÃO,2,0.02
MARCELÂNDIA,2,0.02
MARAU,2,0.02
MANDAGUAÇU,2,0.02
MAIRIPORÃ,2,0.02
LOANDA,2,0.02
LIMEIRA,2,0.02
LAPA,2,0.02
JUTI,2,0.02
JUSSARA,2,0.02
JUSCIMEIRA,2,0.02
JUQUIÁ,2,0.02
JUATUBA,2,0.02
JOÃO PINHEIRO,2,0.02
JORDÃO,2,0.02
JOAÇABA,2,0.02
PORTO DOS GAÚCHOS,2,0.02
JIJOCA DE JERICOACOARA,2,0.02
NITERÓI,2,0.02
LEOPOLDO DE BULHÕES,2,0.02
NOVA GRANADA,2,0.02
PARNAÍBA,2,0.02
PORTO ALEGRE DO NORTE,2,0.02
PORECATU,2,0.02
NOVA IGUAÇU,2,0.02
POMPÉU,2,0.02
PIUMHI,2,0.02
PIRENÓPOLIS,2,0.02
PIRAÍ DO SUL,2,0.02
PIRAJUÍ,2,0.02
PIMENTA BUENO,2,0.02
PIEDADE,2,0.02
PERUÍBE,2,0.02
PEROLÂNDIA,2,0.02
PAÇO DO LUMIAR,2,0.02
PIRANHAS,2,0.02
PARECI NOVO,2,0.02
OURO PRETO,2,0.02
OLÍMPIA,2,0.02
NOVO AIRÃO,2,0.02
PARAÚNA,2,0.02
ORÓS,2,0.02
OURO FINO,2,0.02
OSASCO,2,0.02
NOVA MUTUM,2,0.02
PACAEMBU,2,0.02
PACAJÁ,2,0.02
PARACATU,2,0.02
FRONTEIRA,1,0.01
FLORESTA,1,0.01
FRANCO DA ROCHA,1,0.01
FRANCISCO MORATO,1,0.01
FORTALEZA DOS VALOS,1,0.01
FORMOSO DO ARAGUAIA,1,0.01
GAMELEIRA,1,0.01
FLORESTÓPOLIS,1,0.01
FERROS,1,0.01
FLORES DA CUNHA,1,0.01
FIGUEIRÓPOLIS,1,0.01
FIGUEIRÃO,1,0.01
FELIZ DESERTO,1,0.01
FAXINAL,1,0.01
FARTURA,1,0.01
GENERAL CARNEIRO,1,0.01
FAMA,1,0.01
FAROL,1,0.01
GARÇA,1,0.01
GUABIRUBA,1,0.01
GETÚLIO VARGAS,1,0.01
GLORINHA,1,0.01
GUARANI,1,0.01
EXTREMOZ,1,0.01
GUARAMIRANGA,1,0.01
GUARACIABA DO NORTE,1,0.01
GUARACI,1,0.01
GUARABIRA,1,0.01
GUAPIRAMA,1,0.01
GUANAMBI,1,0.01
GRAVATÁ,1,0.01
GRAJAÚ,1,0.01
GOVERNADOR CELSO RAMOS,1,0.01
GOUVELÂNDIA,1,0.01
GOIÁS,1,0.01
GOIOERÊ,1,0.01
GOIANIRA,1,0.01
GOIANDIRA,1,0.01
GLÓRIA D'OESTE,1,0.01
EXU,1,0.01
CRISTALÂNDIA,1,0.01
EUNÁPOLIS,1,0.01
CURURUPU,1,0.01
CURIONÓPOLIS,1,0.01
CUNHA,1,0.01
CRUZ MACHADO,1,0.01
CRUZ,1,0.01
CRIXÁS,1,0.01
CRISTALINA,1,0.01
CRATEÚS,1,0.01
COTRIGUAÇU,1,0.01
COSTA RICA,1,0.01
CORURIPE,1,0.01
CORUMBAÍBA,1,0.01
CORUMBATAÍ,1,0.01
CORREIA PINTO,1,0.01
COROATÁ,1,0.01
CORINTO,1,0.01
CORGUINHO,1,0.01
GUARANÉSIA,1,0.01
CURRAIS NOVOS,1,0.01
CÂNDIDO MOTA,1,0.01
ESTEIO,1,0.01
CÂNDIDO RODRIGUES,1,0.01
ESPÍRITO SANTO DO TURVO,1,0.01
ESPÍRITO SANTO DO DOURADO,1,0.01
ESPINOSA,1,0.01
ENGENHEIRO COELHO,1,0.01
ENGENHEIRO CALDAS,1,0.01
ELISEU MARTINS,1,0.01
ELIAS FAUSTO,1,0.01
EIRUNEPÉ,1,0.01
DOVERLÂNDIA,1,0.01
DOUTOR ULYSSES,1,0.01
DOMINGOS MARTINS,1,0.01
DOM AQUINO,1,0.01
DOBRADA,1,0.01
DIANÓPOLIS,1,0.01
DIADEMA,1,0.01
DELTA,1,0.01
DELFINÓPOLIS,1,0.01
GUARANI D'OESTE,1,0.01
ITARUMÃ,1,0.01
GUARAQUEÇABA,1,0.01
ITINGA DO MARANHÃO,1,0.01
ITAUEIRA,1,0.01
CONCEIÇÃO DO COITÉ,1,0.01
ITAQUAQUECETUBA,1,0.01
ITAPURANGA,1,0.01
ITAPORANGA D'AJUDA,1,0.01
ITAPIRATINS,1,0.01
ITAPIRAPUÃ,1,0.01
ITAPIRANGA,1,0.01
ITAPEVI,1,0.01
ITAPETININGA,1,0.01
ITAPETINGA,1,0.01
ITAPERUNA,1,0.01
ITAPECURU MIRIM,1,0.01
ITAPACI,1,0.01
ITAJU DO COLÔNIA,1,0.01
ITAGUAÍ,1,0.01
ITAGUARA,1,0.01
ITAUÇU,1,0.01
ITUIUTABA,1,0.01
GUARDA-MOR,1,0.01
ITUPIRANGA,1,0.01
JATAIZINHO,1,0.01
JARINU,1,0.01
JARAGUÁ DO SUL,1,0.01
JARAGUARI,1,0.01
JAPURÁ,1,0.01
JAPERI,1,0.01
JANUÁRIA,1,0.01
JANDAIA,1,0.01
JAGUARÃO,1,0.01
JAGUARIÚNA,1,0.01
JAGUARIPE,1,0.01
JAGUARAÇU,1,0.01
JAGUAPITÃ,1,0.01
JACAREÍ,1,0.01
JACAREZINHO,1,0.01
JABORANDI,1,0.01
JABOATÃO DOS GUARARAPES,1,0.01
ITACARÉ,1,0.01
ITABERÁ,1,0.01
ITABERAÍ,1,0.01
ITABELA,1,0.01
IGARAPÉ-MIRI,1,0.01
IGARAPAVA,1,0.01
ICÉM,1,0.01
IBIÚNA,1,0.01
IBIRUBÁ,1,0.01
IBIRAMA,1,0.01
IBIPORÃ,1,0.01
IBATÉ,1,0.01
IBATEGUARA,1,0.01
IARAS,1,0.01
HUMBERTO DE CAMPOS,1,0.01
HUMAITÁ,1,0.01
HERCULÂNDIA,1,0.01
GURINHATÃ,1,0.01
GUAXUPÉ,1,0.01
GUARÁ,1,0.01
GUARIBA,1,0.01
IGARATINGA,1,0.01
IGARATÁ,1,0.01
IGUABA GRANDE,1,0.01
IPEÚNA,1,0.01
ITABAIANA,1,0.01
IRECÊ,1,0.01
IRAÍ DE MINAS,1,0.01
IRAUÇUBA,1,0.01
IPUMIRIM,1,0.01
IPIXUNA DO PARÁ,1,0.01
IPIGUÁ,1,0.01
IPAUSSU,1,0.01
IGUARAÇU,1,0.01
IPAMERI,1,0.01
INOCÊNCIA,1,0.01
IMBUIA,1,0.01
ILICÍNEA,1,0.01
ILHA COMPRIDA,1,0.01
IJUÍ,1,0.01
IGUATEMI,1,0.01
CONQUISTA,1,0.01
CABROBÓ,1,0.01
CONCEIÇÃO DA FEIRA,1,0.01
BAIXO GUANDU,1,0.01
BAEPENDI,1,0.01
BACABAL,1,0.01
AVANHANDAVA,1,0.01
AUTAZES,1,0.01
AURIFLAMA,1,0.01
ASSUNÇÃO DO PIAUÍ,1,0.01
ASSIS CHATEAUBRIAND,1,0.01
ASSIS BRASIL,1,0.01
ARÊS,1,0.01
ARUJÁ,1,0.01
ARTUR NOGUEIRA,1,0.01
ARRAIAL DO CABO,1,0.01
ARENÁPOLIS,1,0.01
ARCOVERDE,1,0.01
ARAÇU,1,0.01
ARAXÁ,1,0.01
ARAUCÁRIA,1,0.01
BAIXA GRANDE DO RIBEIRO,1,0.01
BANNACH,1,0.01
ARAPUTANGA,1,0.01
BARBACENA,1,0.01
BOA ESPERANÇA,1,0.01
BELTERRA,1,0.01
BELMONTE,1,0.01
BELA VISTA DO PARAÍSO,1,0.01
BEBERIBE,1,0.01
BATAYPORÃ,1,0.01
BARÃO DE COCAIS,1,0.01
BARÃO,1,0.01
BARRO DURO,1,0.01
BARRO ALTO,1,0.01
BARREIROS,1,0.01
BARRA DO RIBEIRO,1,0.01
BARRA DO PIRAÍ,1,0.01
BARRA DO CHOÇA,1,0.01
BARRA DE SÃO FRANCISCO,1,0.01
BARRA BONITA,1,0.01
BARCARENA,1,0.01
ARARUAMA,1,0.01
ARAPOTI,1,0.01
BOA VISTA DA APARECIDA,1,0.01
ALTO PARANÁ,1,0.01
ALTO HORIZONTE,1,0.01
ALTO ALEGRE DO PINDARÉ,1,0.01
ALTAIR,1,0.01
ALPESTRE,1,0.01
ALMIRANTE TAMANDARÉ,1,0.01
ALMENARA,1,0.01
ALIANÇA DO TOCANTINS,1,0.01
ALFREDO CHAVES,1,0.01
ALAGOINHAS,1,0.01
AIMORÉS,1,0.01
AGUDOS,1,0.01
AGUDO,1,0.01
AGUAÍ,1,0.01
AFONSO CLÁUDIO,1,0.01
ADOLFO,1,0.01
ADAMANTINA,1,0.01
ACEGUÁ,1,0.01
ALTO PARAGUAI,1,0.01
ALTO PARNAÍBA,1,0.01
ARAPIRACA,1,0.01
ALTO SANTO,1,0.01
ARANDU,1,0.01
ARAMBARÉ,1,0.01
ARAL MOREIRA,1,0.01
ARAGUAIANA,1,0.01
ARACATU,1,0.01
ARACATI,1,0.01
ANTONINA,1,0.01
ANGÉLICA,1,0.01
ANDARAÍ,1,0.01
ANAURILÂNDIA,1,0.01
ANAPU,1,0.01
ANANINDEUA,1,0.01
ANAMÃ,1,0.01
AMARGOSA,1,0.01
AMAPÁ,1,0.01
ALTÔNIA,1,0.01
ALTO TAQUARI,1,0.01
BOA VIAGEM,1,0.01
BOA VISTA DO RAMOS,1,0.01
COLOMBO,1,0.01
CASIMIRO DE ABREU,1,0.01
CASA BRANCA,1,0.01
CARMO DO CAJURU,1,0.01
CARMO DA CACHOEIRA,1,0.01
CARLOS CHAGAS,1,0.01
CARIDADE,1,0.01
CARIACICA,1,0.01
CARAVELAS,1,0.01
CARATINGA,1,0.01
CARACOL,1,0.01
CAPIVARI,1,0.01
CANTO DO BURITI,1,0.01
CANTAGALO,1,0.01
CANDÓI,1,0.01
CANABRAVA DO NORTE,1,0.01
CAMPOS LINDOS,1,0.01
CAMPOS DO JORDÃO,1,0.01
CAMPO LIMPO DE GOIÁS,1,0.01
CASA NOVA,1,0.01
CASTELO,1,0.01
CAMPO BELO,1,0.01
CASTRO,1,0.01
COLINAS DO TOCANTINS,1,0.01
COLINA,1,0.01
CODAJÁS,1,0.01
COCOS,1,0.01
CLÁUDIA,1,0.01
CIDADE GAÚCHA,1,0.01
CHUPINGUAIA,1,0.01
CHORÓ,1,0.01
CHAPADÃO DO LAGEADO,1,0.01
CHAPADA,1,0.01
CAÇAPAVA DO SUL,1,0.01
CAÇADOR,1,0.01
CAXAMBU,1,0.01
CATUTI,1,0.01
CATAS ALTAS,1,0.01
CATANDUVAS,1,0.01
CATALÃO,1,0.01
CAMPO DO TENENTE,1,0.01
CAMPO ALEGRE,1,0.01
BOA VISTA DO TUPIM,1,0.01
CAAPIRANGA,1,0.01
BUJARI,1,0.01
BUENO BRANDÃO,1,0.01
BREU BRANCO,1,0.01
BREJO,1,0.01
BREJINHO DE NAZARÉ,1,0.01
BRASILÂNDIA DE MINAS,1,0.01
BRAGANÇA,1,0.01
BORBA,1,0.01
BONITO,1,0.01
BONFINÓPOLIS DE MINAS,1,0.01
BOM SUCESSO,1,0.01
BOM RETIRO,1,0.01
BOM JESUS DOS PERDÕES,1,0.01
BOM JESUS DO AMPARO,1,0.01
BOCAIÚVA,1,0.01
BOCAINA,1,0.01
BOCA DA MATA,1,0.01
BURITI ALEGRE,1,0.01
CABECEIRA GRANDE,1,0.01
CAMPINÁPOLIS,1,0.01
CABEDELO,1,0.01
CAMPINORTE,1,0.01
CAMPINAS DO SUL,1,0.01
CAMPINAS DO PIAUÍ,1,0.01
CAMBARÁ,1,0.01
CAMAÇARI,1,0.01
CAMARAGIBE,1,0.01
CAJOBI,1,0.01
CAIEIRAS,1,0.01
CAICÓ,1,0.01
CAFEZAL DO SUL,1,0.01
CAFELÂNDIA,1,0.01
CACONDE,1,0.01
CACHOEIRO DE ITAPEMIRIM,1,0.01
CACHOEIRA DOURADA,1,0.01
CACHOEIRA ALTA,1,0.01
JAURU,1,0.01
CABREÚVA,1,0.01
JATEÍ,1,0.01
MUANÁ,1,0.01
JAÚ,1,0.01
SERRANO DO MARANHÃO,1,0.01
SERRA NEGRA,1,0.01
SERRA DOURADA,1,0.01
SERRA AZUL,1,0.01
SENTO SÉ,1,0.01
SENADOR GUIOMARD,1,0.01
SENADOR CANEDO,1,0.01
SEBASTIÃO LEAL,1,0.01
SAPUCAIA,1,0.01
SANTO ANTÔNIO DO ARACANGUÁ,1,0.01
SANTO ANTÔNIO DO AMPARO,1,0.01
SANTO ANTÔNIO DE GOIÁS,1,0.01
SANTO ANTÔNIO DA PLATINA,1,0.01
SANTO ANDRÉ,1,0.01
SANTO AMARO DA IMPERATRIZ,1,0.01
SANTIAGO,1,0.01
SANTANA DO RIACHO,1,0.01
SANTA TEREZINHA,1,0.01
SERRA TALHADA,1,0.01
SERRANÓPOLIS,1,0.01
SANTA RITA DO NOVO DESTINO,1,0.01
SERTANÓPOLIS,1,0.01
SÃO JOSÉ DA LAPA,1,0.01
SÃO GERALDO DO ARAGUAIA,1,0.01
SÃO GABRIEL DA PALHA,1,0.01
SÃO FRANCISCO DO PARÁ,1,0.01
SÃO FRANCISCO DE SALES,1,0.01
SÃO FRANCISCO DE ASSIS,1,0.01
SÃO CAETANO DO SUL,1,0.01
SÃO BENTO DO SUL,1,0.01
SÃO BENEDITO,1,0.01
SOURE,1,0.01
SOBRAL,1,0.01
SIRINHAÉM,1,0.01
SIQUEIRA CAMPOS,1,0.01
SIMPLÍCIO MENDES,1,0.01
SETUBINHA,1,0.01
SETE BARRAS,1,0.01
SERTÃOZINHO,1,0.01
SANTA TERESINHA,1,0.01
SANTA RITA DO ARAGUAIA,1,0.01
RANCHARIA,1,0.01
SABARÁ,1,0.01
RURÓPOLIS,1,0.01
ROSANA,1,0.01
RORAINÓPOLIS,1,0.01
ROMARIA,1,0.01
RODEIO,1,0.01
ROCHEDO,1,0.01
RIO PARDO,1,0.01
RIO PARANAÍBA,1,0.01
RIO DO OESTE,1,0.01
RIBEIRÃO DAS NEVES,1,0.01
RIBEIRÃO CASCALHEIRA,1,0.01
RIBEIRÃO BONITO,1,0.01
RIACHO DAS ALMAS,1,0.01
RESPLENDOR,1,0.01
RESERVA DO CABAÇAL,1,0.01
RESERVA,1,0.01
REGENTE FEIJÓ,1,0.01
RUY BARBOSA,1,0.01
SABÁUDIA,1,0.01
SANTA RITA DE CÁSSIA,1,0.01
SACRAMENTO,1,0.01
SANTA MARIANA,1,0.01
SANTA MARIA MADALENA,1,0.01
SANTA MARGARIDA DO SUL,1,0.01
SANTA JULIANA,1,0.01
SANTA ISABEL DO IVAÍ,1,0.01
SANTA CRUZ DO XINGU,1,0.01
SANTA CRUZ DO RIO PARDO,1,0.01
SANTA CRUZ DO ARARI,1,0.01
SANTA CRUZ DAS PALMEIRAS,1,0.01
SANTA CRUZ CABRÁLIA,1,0.01
SANTA CLARA D'OESTE,1,0.01
SANTA BÁRBARA D'OESTE,1,0.01
SANTA BÁRBARA,1,0.01
SANT'ANA DO LIVRAMENTO,1,0.01
SALGUEIRO,1,0.01
SALES OLIVEIRA,1,0.01
SALES,1,0.01
SÃO JOSÉ DO RIO CLARO,1,0.01
SÃO JOSÉ DO RIO PARDO,1,0.01
SÃO JOSÉ DOS AUSENTES,1,0.01
UNIÃO DE MINAS,1,0.01
UCHOA,1,0.01
UBÁ,1,0.01
UBARANA,1,0.01
UBAPORANGA,1,0.01
UAUÁ,1,0.01
TURMALINA,1,0.01
TUMIRITINGA,1,0.01
TUCURUÍ,1,0.01
TRÊS RANCHOS,1,0.01
TRÊS PONTAS,1,0.01
TRÊS FORQUILHAS,1,0.01
TRÊS CORAÇÕES,1,0.01
TRIUNFO,1,0.01
TRAJANO DE MORAES,1,0.01
TOROPI,1,0.01
TORIXORÉU,1,0.01
TOMÉ-AÇU,1,0.01
UNIÃO,1,0.01
URANDI,1,0.01
SÃO JOSÉ DOS QUATRO MARCOS,1,0.01
URUARÁ,1,0.01
ÂNGULO,1,0.01
ÁGUA LIMPA,1,0.01
VOLTA REDONDA,1,0.01
VIÇOSA,1,0.01
VITÓRIA BRASIL,1,0.01
VIRADOURO,1,0.01
VINHEDO,1,0.01
VILA NOVA DOS MARTÍRIOS,1,0.01
VICENTINA,1,0.01
VIANA,1,0.01
VENÂNCIO AIRES,1,0.01
VENDA NOVA DO IMIGRANTE,1,0.01
VARJÃO DE MINAS,1,0.01
VARGEM BONITA,1,0.01
VARGEM ALTA,1,0.01
VALENÇA DO PIAUÍ,1,0.01
VALE VERDE,1,0.01
TOMBOS,1,0.01
TIMÓTEO,1,0.01
TIJUCAS DO SUL,1,0.01
TIJUCAS,1,0.01
SÍTIO NOVO,1,0.01
SÃO VICENTE FERRER,1,0.01
SÃO VICENTE DO SUL,1,0.01
SÃO SIMÃO,1,0.01
SÃO SEBASTIÃO DO OESTE,1,0.01
SÃO ROMÃO,1,0.01
SÃO RAIMUNDO NONATO,1,0.01
SÃO PEDRO DO IVAÍ,1,0.01
SÃO PEDRO DA ÁGUA BRANCA,1,0.01
SÃO PAULO DE OLIVENÇA,1,0.01
SÃO MIGUEL DO TAPUIO,1,0.01
SÃO MANOEL DO PARANÁ,1,0.01
SÃO LUÍS DE MONTES BELOS,1,0.01
SÃO LOURENÇO DA SERRA,1,0.01
SÃO LOURENÇO,1,0.01
SÃO JOÃO DO POLÊSINE,1,0.01
SÃO JOÃO DA BOA VISTA,1,0.01
TABAPORÃ,1,0.01
TAIPU,1,0.01
TAMARANA,1,0.01
TAQUARUSSU,1,0.01
TESOURO,1,0.01
TERRA SANTA,1,0.01
TERRA BOA,1,0.01
TERESINA DE GOIÁS,1,0.01
TASSO FRAGOSO,1,0.01
TARUMIRIM,1,0.01
TARAUACÁ,1,0.01
TAQUARAÇU DE MINAS,1,0.01
TAMBAÚ,1,0.01
TAPIRATIBA,1,0.01
TAPIRAMUTÁ,1,0.01
TAPIRA,1,0.01
TAPERA,1,0.01
TAPAUÁ,1,0.01
TANABI,1,0.01
TAMBORIL DO PIAUÍ,1,0.01
RECURSOLÂNDIA,1,0.01
QUIXADÁ,1,0.01
JEQUIÉ,1,0.01
NAZARÉ PAULISTA,1,0.01
MUITOS CAPÕES,1,0.01
MUCUGÊ,1,0.01
MOSSÂMEDES,1,0.01
MORTUGABA,1,0.01
MORRO AGUDO,1,0.01
MORPARÁ,1,0.01
MONTES CLAROS DE GOIÁS,1,0.01
MONTE SANTO,1,0.01
MONTE DO CARMO,1,0.01
MONTE CARMELO,1,0.01
MONTE ALEGRE DO PIAUÍ,1,0.01
MIRANORTE,1,0.01
MIRADOR,1,0.01
MINAS NOVAS,1,0.01
MESÓPOLIS,1,0.01
MAUÁ DA SERRA,1,0.01
MATRIZ DE CAMARAGIBE,1,0.01
NANUQUE,1,0.01
NIQUELÂNDIA,1,0.01
MATINHOS,1,0.01
NONOAI,1,0.01
NOVO GAMA,1,0.01
NOVA ROSALÂNDIA,1,0.01
NOVA RAMADA,1,0.01
NOVA PRATA,1,0.01
NOVA PONTE,1,0.01
NOVA ODESSA,1,0.01
NOVA MAMORÉ,1,0.01
NOVA INDEPENDÊNCIA,1,0.01
NOVA FRIBURGO,1,0.01
NOVA ERECHIM,1,0.01
NOVA CRIXÁS,1,0.01
NOVA CANTU,1,0.01
NOVA BRASILÂNDIA,1,0.01
NOVA BELÉM,1,0.01
NOSSA SENHORA DO LIVRAMENTO,1,0.01
NORTELÂNDIA,1,0.01
NORMANDIA,1,0.01
MATO RICO,1,0.01
MATINHA,1,0.01
QUISSAMÃ,1,0.01
LUIZIÂNIA,1,0.01
LONTRAS,1,0.01
LOBATO,1,0.01
LIMEIRA DO OESTE,1,0.01
LIMA DUARTE,1,0.01
LAVÍNIA,1,0.01
LAURO DE FREITAS,1,0.01
LAJEADO NOVO,1,0.01
LAJEADO GRANDE,1,0.01
LAJEADO,1,0.01
LAGUNA CARAPÃ,1,0.01
LAGUNA,1,0.01
LAGOA FORMOSA,1,0.01
LADÁRIO,1,0.01
JURUÁ,1,0.01
JOÃO MONLEVADE,1,0.01
JOSÉ BONIFÁCIO,1,0.01
JOANÓPOLIS,1,0.01
LOUVEIRA,1,0.01
MACARANI,1,0.01
MATA,1,0.01
MACATUBA,1,0.01
MASSARANDUBA,1,0.01
MARIÁPOLIS,1,0.01
MARILUZ,1,0.01
MARIANA,1,0.01
MARIALVA,1,0.01
MARIA HELENA,1,0.01
MARECHAL CÂNDIDO RONDON,1,0.01
MARANGUAPE,1,0.01
MARAGOGI,1,0.01
MARACAÍ,1,0.01
MARA ROSA,1,0.01
MANTENA,1,0.01
MANOEL RIBAS,1,0.01
MANHUAÇU,1,0.01
MANAQUIRI,1,0.01
MANACAPURU,1,0.01
MACAÚBAS,1,0.01
NOVO LINO,1,0.01
NOVO PLANALTO,1,0.01
NOVO REPARTIMENTO,1,0.01
PORTEL,1,0.01
PONTE ALTA DO TOCANTINS,1,0.01
PONTA DE PEDRAS,1,0.01
POLONI,1,0.01
PLANURA,1,0.01
PLANALTO DA SERRA,1,0.01
PLACAS,1,0.01
PIÇARRA,1,0.01
PIUM,1,0.01
PIRIPIRI,1,0.01
PIRAPORA,1,0.01
PIRACURUCA,1,0.01
PIQUETE,1,0.01
PINHÃO,1,0.01
PINHEIRO,1,0.01
PINHALZINHO,1,0.01
PINDORAMA,1,0.01
PIEDADE DOS GERAIS,1,0.01
PORANGATU,1,0.01
PORTO DE MOZ,1,0.01
NÍSIA FLORESTA,1,0.01
PORTO ESPERIDIÃO,1,0.01
QUELUZITO,1,0.01
QUEIROZ,1,0.01
PROMISSÃO,1,0.01
PRINCESA ISABEL,1,0.01
PRIMEIRO DE MAIO,1,0.01
PRIMAVERA,1,0.01
PRESIDENTE VENCESLAU,1,0.01
PRESIDENTE OLEGÁRIO,1,0.01
PRESIDENTE EPITÁCIO,1,0.01
PRESIDENTE BERNARDES,1,0.01
PRATINHA,1,0.01
PRATA,1,0.01
PRAIA GRANDE,1,0.01
PRADÓPOLIS,1,0.01
POXORÉO,1,0.01
POTIRENDABA,1,0.01
PORTO WALTER,1,0.01
PIEDADE DE CARATINGA,1,0.01
PIACATU,1,0.01
PETROLINA DE GOIÁS,1,0.01
PEREIRA BARRETO,1,0.01
PALOTINA,1,0.01
PALMEIRAS DE GOIÁS,1,0.01
PALMEIRA,1,0.01
PALMARES DO SUL,1,0.01
PACARAIMA,1,0.01
PACAJUS,1,0.01
OUROESTE,1,0.01
OURO VERDE,1,0.01
OURO BRANCO,1,0.01
OURO,1,0.01
ORIZONA,1,0.01
ONÇA DE PITANGUI,1,0.01
OLIVEIRA,1,0.01
OLINDA,1,0.01
OIAPOQUE,1,0.01
OEIRAS,1,0.01
OCARA,1,0.01
PARAIBUNA,1,0.01
PARANAGUÁ,1,0.01
PARANAIGUARA,1,0.01
PAUDALHO,1,0.01
PEJUÇARA,1,0.01
PEIXOTO DE AZEVEDO,1,0.01
PEDRO AFONSO,1,0.01
PEDRALVA,1,0.01
PAVERAMA,1,0.01
PAULO AFONSO,1,0.01
PAULA FREITAS,1,0.01
PAU D'ARCO,1,0.01
PARANAPANEMA,1,0.01
PASSOS,1,0.01
PASSO DO SOBRADO,1,0.01
PASSAGEM FRANCA,1,0.01
PARELHAS,1,0.01
PARAÍSO DO TOCANTINS,1,0.01
PARAÍSO DO NORTE,1,0.01
PARANAÍBA,1,0.01
ACARÁ,1,0.01
