aerodromo,periodo,qtde_ocorr,perc_ocorr
***,12:00 às 18:00,1129,11.5
***,18:00 às 00:00,841,8.57
***,00:00 às 06:00,643,6.55
***,06:00 às 12:00,511,5.21
SBGR,00:00 às 06:00,108,1.1
SBGR,12:00 às 18:00,89,0.91
SBKP,00:00 às 06:00,84,0.86
SBGR,18:00 às 00:00,83,0.85
SBMT,12:00 às 18:00,80,0.81
**NI,12:00 às 18:00,79,0.8
SBGL,00:00 às 06:00,64,0.65
SBKP,12:00 às 18:00,64,0.65
SBSP,12:00 às 18:00,64,0.65
SBKP,18:00 às 00:00,63,0.64
SBGR,06:00 às 12:00,61,0.62
SBSP,18:00 às 00:00,61,0.62
SBBR,18:00 às 00:00,59,0.6
**NI,00:00 às 06:00,56,0.57
SBSP,00:00 às 06:00,56,0.57
SBBR,00:00 às 06:00,55,0.56
SBRJ,00:00 às 06:00,55,0.56
SBMT,18:00 às 00:00,54,0.55
SBPA,00:00 às 06:00,54,0.55
SBBR,12:00 às 18:00,54,0.55
SBPA,18:00 às 00:00,53,0.54
SBPA,12:00 às 18:00,53,0.54
SBBH,12:00 às 18:00,53,0.54
SBBH,00:00 às 06:00,52,0.53
SBGL,18:00 às 00:00,52,0.53
SBJR,12:00 às 18:00,50,0.51
SBLO,00:00 às 06:00,50,0.51
SBSV,18:00 às 00:00,50,0.51
SBRF,00:00 às 06:00,49,0.5
SBLO,12:00 às 18:00,49,0.5
**NI,18:00 às 00:00,48,0.49
SBGO,12:00 às 18:00,48,0.49
SBBH,18:00 às 00:00,46,0.47
SBGL,06:00 às 12:00,46,0.47
SBSV,12:00 às 18:00,44,0.45
SBRJ,18:00 às 00:00,44,0.45
SBLO,18:00 às 00:00,43,0.44
SBBI,12:00 às 18:00,41,0.42
SBEG,00:00 às 06:00,41,0.42
SBGL,12:00 às 18:00,40,0.41
**NI,06:00 às 12:00,38,0.39
SBKP,06:00 às 12:00,37,0.38
SBCT,00:00 às 06:00,37,0.38
SBSV,00:00 às 06:00,36,0.37
SBEG,12:00 às 18:00,35,0.36
SBRF,18:00 às 00:00,35,0.36
SBRF,06:00 às 12:00,34,0.35
SBGO,00:00 às 06:00,34,0.35
SBBR,06:00 às 12:00,33,0.34
SBCF,00:00 às 06:00,33,0.34
SBJD,12:00 às 18:00,33,0.34
SBEG,18:00 às 00:00,33,0.34
SBBE,12:00 às 18:00,32,0.33
SBRP,18:00 às 00:00,32,0.33
SBBE,18:00 às 00:00,31,0.32
SBPR,12:00 às 18:00,31,0.32
SBRF,12:00 às 18:00,31,0.32
SBFZ,12:00 às 18:00,31,0.32
SBSJ,12:00 às 18:00,30,0.31
SBCG,18:00 às 00:00,30,0.31
SBMT,00:00 às 06:00,30,0.31
SBGO,18:00 às 00:00,30,0.31
SBJR,18:00 às 00:00,30,0.31
SBCF,12:00 às 18:00,30,0.31
SBCF,18:00 às 00:00,29,0.3
SBSV,06:00 às 12:00,29,0.3
SBCT,18:00 às 00:00,29,0.3
SBFZ,00:00 às 06:00,29,0.3
SBCF,06:00 às 12:00,28,0.29
SBCT,12:00 às 18:00,27,0.28
SBFL,18:00 às 00:00,26,0.26
SBJD,18:00 às 00:00,26,0.26
SBRJ,12:00 às 18:00,26,0.26
SBCY,18:00 às 00:00,25,0.25
SBFZ,18:00 às 00:00,24,0.24
SBEG,06:00 às 12:00,24,0.24
SBCY,12:00 às 18:00,24,0.24
SBNV,12:00 às 18:00,24,0.24
SBBE,00:00 às 06:00,24,0.24
SBBP,12:00 às 18:00,23,0.23
SBBI,18:00 às 00:00,23,0.23
SBFL,00:00 às 06:00,23,0.23
SBCY,00:00 às 06:00,22,0.22
SBNF,12:00 às 18:00,21,0.21
SBRP,12:00 às 18:00,21,0.21
SBJD,00:00 às 06:00,21,0.21
SBUL,18:00 às 00:00,21,0.21
SBMT,06:00 às 12:00,21,0.21
SBLO,06:00 às 12:00,20,0.2
SBGO,06:00 às 12:00,19,0.19
SBCG,00:00 às 06:00,19,0.19
SBCG,12:00 às 18:00,19,0.19
SBRP,00:00 às 06:00,19,0.19
SBUL,12:00 às 18:00,18,0.18
SBSP,06:00 às 12:00,18,0.18
SBVT,12:00 às 18:00,18,0.18
SBMG,12:00 às 18:00,18,0.18
SBFL,12:00 às 18:00,18,0.18
SBRJ,06:00 às 12:00,18,0.18
SBBH,06:00 às 12:00,18,0.18
SBBP,18:00 às 00:00,18,0.18
SBJR,00:00 às 06:00,18,0.18
****,12:00 às 18:00,17,0.17
SBJV,12:00 às 18:00,16,0.16
SBVT,18:00 às 00:00,16,0.16
SDCO,12:00 às 18:00,16,0.16
SBPA,06:00 às 12:00,16,0.16
SBUL,00:00 às 06:00,16,0.16
SBCT,06:00 às 12:00,15,0.15
SDAM,12:00 às 18:00,15,0.15
SBBI,00:00 às 06:00,15,0.15
SBRB,12:00 às 18:00,15,0.15
SBME,12:00 às 18:00,14,0.14
SBRP,06:00 às 12:00,14,0.14
SBME,00:00 às 06:00,14,0.14
SBSL,12:00 às 18:00,14,0.14
SBFL,06:00 às 12:00,14,0.14
SBSR,18:00 às 00:00,14,0.14
APUA,06:00 às 12:00,14,0.14
SWFN,12:00 às 18:00,13,0.13
****,18:00 às 00:00,13,0.13
SBFI,12:00 às 18:00,13,0.13
SBNF,00:00 às 06:00,13,0.13
SBPV,00:00 às 06:00,13,0.13
SBVT,00:00 às 06:00,12,0.12
SBVT,06:00 às 12:00,12,0.12
SBPJ,12:00 às 18:00,12,0.12
SBSR,00:00 às 06:00,12,0.12
SBNV,00:00 às 06:00,12,0.12
SBRB,00:00 às 06:00,11,0.11
SBBE,06:00 às 12:00,11,0.11
APUA,12:00 às 18:00,11,0.11
SBNF,06:00 às 12:00,11,0.11
SBJF,12:00 às 18:00,11,0.11
SBPJ,00:00 às 06:00,11,0.11
SBSN,12:00 às 18:00,11,0.11
SBMG,00:00 às 06:00,11,0.11
SBMG,18:00 às 00:00,11,0.11
SBJD,06:00 às 12:00,11,0.11
SBTE,12:00 às 18:00,10,0.1
SBPS,12:00 às 18:00,10,0.1
SBMA,12:00 às 18:00,10,0.1
SBSJ,00:00 às 06:00,10,0.1
SBSL,00:00 às 06:00,10,0.1
SIXE,12:00 às 18:00,10,0.1
SBCP,12:00 às 18:00,10,0.1
SBCY,06:00 às 12:00,10,0.1
SWFN,18:00 às 00:00,10,0.1
SDAI,12:00 às 18:00,10,0.1
SDCO,18:00 às 00:00,10,0.1
SBJV,18:00 às 00:00,9,0.09
SBRB,18:00 às 00:00,9,0.09
SBME,06:00 às 12:00,9,0.09
SBJP,12:00 às 18:00,9,0.09
SBFI,00:00 às 06:00,9,0.09
SBTE,18:00 às 00:00,9,0.09
SBFZ,06:00 às 12:00,9,0.09
SBBP,00:00 às 06:00,9,0.09
SDPW,12:00 às 18:00,9,0.09
SBSL,18:00 às 00:00,9,0.09
SBPR,00:00 às 06:00,9,0.09
SBJC,12:00 às 18:00,9,0.09
SSOK,12:00 às 18:00,9,0.09
SDEN,12:00 às 18:00,8,0.08
SBSN,06:00 às 12:00,8,0.08
SIVU,12:00 às 18:00,8,0.08
SWFN,00:00 às 06:00,8,0.08
SBNF,18:00 às 00:00,8,0.08
SDAM,00:00 às 06:00,8,0.08
SBCA,12:00 às 18:00,8,0.08
SBUR,12:00 às 18:00,8,0.08
SDTB,12:00 às 18:00,8,0.08
SBTF,12:00 às 18:00,8,0.08
SBPR,18:00 às 00:00,8,0.08
SBMA,18:00 às 00:00,8,0.08
SBCB,12:00 às 18:00,8,0.08
SBBU,12:00 às 18:00,8,0.08
SBMO,18:00 às 00:00,8,0.08
SBPV,18:00 às 00:00,7,0.07
SBJF,18:00 às 00:00,7,0.07
SBBU,18:00 às 00:00,7,0.07
SWLV,12:00 às 18:00,7,0.07
SBMK,12:00 às 18:00,7,0.07
SBNV,06:00 às 12:00,7,0.07
SBSJ,18:00 às 00:00,7,0.07
SSBN,12:00 às 18:00,7,0.07
SBBI,06:00 às 12:00,7,0.07
SBME,18:00 às 00:00,7,0.07
SBMO,12:00 às 18:00,7,0.07
SBNV,18:00 às 00:00,7,0.07
SDVH,12:00 às 18:00,7,0.07
SDVH,18:00 às 00:00,7,0.07
SBCA,18:00 às 00:00,7,0.07
SDPW,18:00 às 00:00,7,0.07
SDAM,18:00 às 00:00,7,0.07
SBUL,06:00 às 12:00,7,0.07
SBIL,00:00 às 06:00,7,0.07
SBIL,18:00 às 00:00,7,0.07
SBJC,00:00 às 06:00,6,0.06
SSKT,18:00 às 00:00,6,0.06
SBTE,00:00 às 06:00,6,0.06
SBCA,00:00 às 06:00,6,0.06
SNDV,12:00 às 18:00,6,0.06
SDIH,12:00 às 18:00,6,0.06
SNPA,00:00 às 06:00,6,0.06
SBML,12:00 às 18:00,6,0.06
SDAG,12:00 às 18:00,6,0.06
SDTB,18:00 às 00:00,6,0.06
SBPG,18:00 às 00:00,6,0.06
SSKG,18:00 às 00:00,6,0.06
SBDN,12:00 às 18:00,6,0.06
SDCO,00:00 às 06:00,6,0.06
SBCZ,18:00 às 00:00,6,0.06
SBCX,12:00 às 18:00,6,0.06
SBTE,06:00 às 12:00,6,0.06
SDMC,12:00 às 18:00,6,0.06
SBJR,06:00 às 12:00,6,0.06
SBIZ,12:00 às 18:00,6,0.06
SBSN,00:00 às 06:00,6,0.06
APUA,00:00 às 06:00,6,0.06
SBJU,12:00 às 18:00,6,0.06
SBJU,00:00 às 06:00,6,0.06
SBJP,06:00 às 12:00,5,0.05
****,00:00 às 06:00,5,0.05
SWPD,12:00 às 18:00,5,0.05
SWUZ,18:00 às 00:00,5,0.05
SBAR,12:00 às 18:00,5,0.05
SBPJ,18:00 às 00:00,5,0.05
SSNH,12:00 às 18:00,5,0.05
SNPA,18:00 às 00:00,5,0.05
SBFI,18:00 às 00:00,5,0.05
SSBL,12:00 às 18:00,5,0.05
APUA,18:00 às 00:00,5,0.05
SWCA,12:00 às 18:00,5,0.05
SBMQ,00:00 às 06:00,5,0.05
SDAI,18:00 às 00:00,5,0.05
SBPF,12:00 às 18:00,5,0.05
SDUB,12:00 às 18:00,5,0.05
SBAU,18:00 às 00:00,5,0.05
SWNS,18:00 às 00:00,5,0.05
SWFR,12:00 às 18:00,5,0.05
SBAU,12:00 às 18:00,5,0.05
SBMQ,12:00 às 18:00,5,0.05
****,06:00 às 12:00,5,0.05
SSCN,12:00 às 18:00,5,0.05
SBMA,00:00 às 06:00,5,0.05
SBLJ,12:00 às 18:00,5,0.05
SBSR,06:00 às 12:00,5,0.05
SBBV,12:00 às 18:00,5,0.05
SBPS,00:00 às 06:00,5,0.05
SDPW,00:00 às 06:00,5,0.05
SBSM,12:00 às 18:00,5,0.05
SBMA,06:00 às 12:00,5,0.05
SBBV,18:00 às 00:00,5,0.05
SBJV,00:00 às 06:00,5,0.05
SBVC,00:00 às 06:00,5,0.05
SSIE,12:00 às 18:00,4,0.04
SWLC,12:00 às 18:00,4,0.04
SBSN,18:00 às 00:00,4,0.04
SDRS,12:00 às 18:00,4,0.04
SDTK,12:00 às 18:00,4,0.04
SSIE,18:00 às 00:00,4,0.04
SDTF,12:00 às 18:00,4,0.04
SDBB,12:00 às 18:00,4,0.04
SWFR,18:00 às 00:00,4,0.04
SDIM,12:00 às 18:00,4,0.04
SBRD,12:00 às 18:00,4,0.04
SBPS,18:00 às 00:00,4,0.04
SBVC,12:00 às 18:00,4,0.04
SDRK,18:00 às 00:00,4,0.04
SBPF,18:00 às 00:00,4,0.04
SDOW,12:00 às 18:00,4,0.04
SSNG,12:00 às 18:00,4,0.04
SBPR,06:00 às 12:00,4,0.04
SBPL,18:00 às 00:00,4,0.04
SBUR,00:00 às 06:00,4,0.04
SBPL,12:00 às 18:00,4,0.04
SDIH,00:00 às 06:00,4,0.04
SBPL,00:00 às 06:00,4,0.04
SBCX,00:00 às 06:00,4,0.04
SBGW,12:00 às 18:00,4,0.04
SBMK,00:00 às 06:00,4,0.04
SBMO,00:00 às 06:00,4,0.04
SSBN,18:00 às 00:00,4,0.04
SWUZ,12:00 às 18:00,4,0.04
SBML,00:00 às 06:00,4,0.04
SBIL,12:00 às 18:00,4,0.04
SBCB,06:00 às 12:00,4,0.04
SNPA,06:00 às 12:00,4,0.04
SBBV,00:00 às 06:00,4,0.04
SWTS,12:00 às 18:00,4,0.04
SBJP,00:00 às 06:00,4,0.04
SBDN,18:00 às 00:00,4,0.04
SBCA,06:00 às 12:00,4,0.04
SBJP,18:00 às 00:00,4,0.04
SBCG,06:00 às 12:00,4,0.04
SWKO,12:00 às 18:00,3,0.03
SWPY,12:00 às 18:00,3,0.03
SBSR,12:00 às 18:00,3,0.03
SBIH,18:00 às 00:00,3,0.03
SDTF,00:00 às 06:00,3,0.03
SBIH,12:00 às 18:00,3,0.03
SDTB,00:00 às 06:00,3,0.03
SDUB,18:00 às 00:00,3,0.03
SBIP,12:00 às 18:00,3,0.03
SBNT,18:00 às 00:00,3,0.03
SBIZ,00:00 às 06:00,3,0.03
SBHT,18:00 às 00:00,3,0.03
SWPI,00:00 às 06:00,3,0.03
SBJA,18:00 às 00:00,3,0.03
SBSL,06:00 às 12:00,3,0.03
SBJA,12:00 às 18:00,3,0.03
SBJC,18:00 às 00:00,3,0.03
SBJC,06:00 às 12:00,3,0.03
SJNP,12:00 às 18:00,3,0.03
SWPI,18:00 às 00:00,3,0.03
SDVI,12:00 às 18:00,3,0.03
SBSI,00:00 às 06:00,3,0.03
SBSG,00:00 às 06:00,3,0.03
SBSG,12:00 às 18:00,3,0.03
SDVG,18:00 às 00:00,3,0.03
SDPY,18:00 às 00:00,3,0.03
SBGW,18:00 às 00:00,3,0.03
SDIO,00:00 às 06:00,3,0.03
SBCZ,12:00 às 18:00,3,0.03
SDCO,06:00 às 12:00,3,0.03
SBDN,06:00 às 12:00,3,0.03
SBDN,00:00 às 06:00,3,0.03
SNJO,18:00 às 00:00,3,0.03
SNHH,12:00 às 18:00,3,0.03
SDET,18:00 às 00:00,3,0.03
SWEK,12:00 às 18:00,3,0.03
SWCA,00:00 às 06:00,3,0.03
SNPA,12:00 às 18:00,3,0.03
SBZM,12:00 às 18:00,3,0.03
SDIO,18:00 às 00:00,3,0.03
SDIO,12:00 às 18:00,3,0.03
SBVC,06:00 às 12:00,3,0.03
SBTF,00:00 às 06:00,3,0.03
SBCJ,18:00 às 00:00,3,0.03
SBUY,00:00 às 06:00,3,0.03
SDLL,12:00 às 18:00,3,0.03
SDMC,00:00 às 06:00,3,0.03
SSSC,12:00 às 18:00,3,0.03
SWIT,12:00 às 18:00,3,0.03
SBCB,18:00 às 00:00,3,0.03
SBTT,12:00 às 18:00,3,0.03
SBTT,18:00 às 00:00,3,0.03
SNDC,12:00 às 18:00,3,0.03
SWRD,18:00 às 00:00,3,0.03
SSOG,12:00 às 18:00,3,0.03
SDRK,12:00 às 18:00,3,0.03
SBJI,18:00 às 00:00,3,0.03
SBAT,18:00 às 00:00,3,0.03
SBPJ,06:00 às 12:00,3,0.03
SBJU,06:00 às 12:00,3,0.03
SSJN,00:00 às 06:00,3,0.03
SSKZ,12:00 às 18:00,3,0.03
SWUZ,06:00 às 12:00,3,0.03
SBBP,06:00 às 12:00,3,0.03
SBMO,06:00 às 12:00,3,0.03
SISY,12:00 às 18:00,3,0.03
SBNM,18:00 às 00:00,3,0.03
SSER,18:00 às 00:00,3,0.03
SBMK,18:00 às 00:00,3,0.03
SIBH,12:00 às 18:00,3,0.03
SWLV,06:00 às 12:00,3,0.03
SBBU,00:00 às 06:00,3,0.03
SSBL,00:00 às 06:00,3,0.03
SBPP,12:00 às 18:00,3,0.03
SBPK,00:00 às 06:00,3,0.03
SSNH,18:00 às 00:00,3,0.03
SBPF,00:00 às 06:00,3,0.03
SBJU,18:00 às 00:00,3,0.03
SWNO,00:00 às 06:00,3,0.03
SBAR,00:00 às 06:00,3,0.03
SBAR,06:00 às 12:00,3,0.03
SSKK,12:00 às 18:00,3,0.03
SSKG,06:00 às 12:00,2,0.02
SNEM,06:00 às 12:00,2,0.02
SDIH,18:00 às 00:00,2,0.02
SNSH,12:00 às 18:00,2,0.02
SNEJ,12:00 às 18:00,2,0.02
SNDV,18:00 às 00:00,2,0.02
SIVU,00:00 às 06:00,2,0.02
SSKG,12:00 às 18:00,2,0.02
SDJA,00:00 às 06:00,2,0.02
SDIP,12:00 às 18:00,2,0.02
SNDH,12:00 às 18:00,2,0.02
SWBB,18:00 às 00:00,2,0.02
SIXD,12:00 às 18:00,2,0.02
SSVI,12:00 às 18:00,2,0.02
SILT,12:00 às 18:00,2,0.02
SNRU,06:00 às 12:00,2,0.02
SNFX,12:00 às 18:00,2,0.02
SSZR,12:00 às 18:00,2,0.02
SWBC,12:00 às 18:00,2,0.02
SWCA,18:00 às 00:00,2,0.02
SNGA,12:00 às 18:00,2,0.02
SNPC,00:00 às 06:00,2,0.02
SIQE,00:00 às 06:00,2,0.02
SNJO,00:00 às 06:00,2,0.02
SIQE,12:00 às 18:00,2,0.02
SDDN,00:00 às 06:00,2,0.02
SIQE,18:00 às 00:00,2,0.02
SIRI,12:00 às 18:00,2,0.02
SIRI,06:00 às 12:00,2,0.02
SNJD,00:00 às 06:00,2,0.02
SNMD,18:00 às 00:00,2,0.02
SNMD,00:00 às 06:00,2,0.02
SNME,12:00 às 18:00,2,0.02
SDEM,12:00 às 18:00,2,0.02
SNOF,12:00 às 18:00,2,0.02
SWEN,12:00 às 18:00,2,0.02
SSGA,00:00 às 06:00,2,0.02
SIVU,18:00 às 00:00,2,0.02
SSIJ,18:00 às 00:00,2,0.02
SWEJ,18:00 às 00:00,2,0.02
SWCZ,18:00 às 00:00,2,0.02
SDGY,00:00 às 06:00,2,0.02
SNDC,06:00 às 12:00,2,0.02
SDIG,12:00 às 18:00,2,0.02
SSJI,12:00 às 18:00,2,0.02
SILQ,00:00 às 06:00,2,0.02
SSNH,00:00 às 06:00,2,0.02
SSKG,00:00 às 06:00,2,0.02
SSOS,18:00 às 00:00,2,0.02
SJWQ,18:00 às 00:00,2,0.02
SSCN,18:00 às 00:00,2,0.02
SJDA,00:00 às 06:00,2,0.02
SJDU,18:00 às 00:00,2,0.02
SSCL,18:00 às 00:00,2,0.02
SIBK,00:00 às 06:00,2,0.02
SDVE,12:00 às 18:00,2,0.02
SNXW,12:00 às 18:00,2,0.02
SSGP,00:00 às 06:00,2,0.02
SJQN,12:00 às 18:00,2,0.02
SSBN,00:00 às 06:00,2,0.02
SSKZ,18:00 às 00:00,2,0.02
SSAK,12:00 às 18:00,2,0.02
SSBL,18:00 às 00:00,2,0.02
SDVH,00:00 às 06:00,2,0.02
SSAK,00:00 às 06:00,2,0.02
SJNP,06:00 às 12:00,2,0.02
SDZD,00:00 às 06:00,2,0.02
SSBG,18:00 às 00:00,2,0.02
SSBG,00:00 às 06:00,2,0.02
SSNG,00:00 às 06:00,2,0.02
SSOG,00:00 às 06:00,2,0.02
SJLY,06:00 às 12:00,2,0.02
SIBO,00:00 às 06:00,2,0.02
SJYG,18:00 às 00:00,2,0.02
SSFB,12:00 às 18:00,2,0.02
SSOS,00:00 às 06:00,2,0.02
SSRS,18:00 às 00:00,2,0.02
SDOI,00:00 às 06:00,2,0.02
SSER,12:00 às 18:00,2,0.02
SSQQ,00:00 às 06:00,2,0.02
SSOG,18:00 às 00:00,2,0.02
SSKM,12:00 às 18:00,2,0.02
SSKS,12:00 às 18:00,2,0.02
SNCT,00:00 às 06:00,2,0.02
SJCY,12:00 às 18:00,2,0.02
SSPI,12:00 às 18:00,2,0.02
SSKT,12:00 às 18:00,2,0.02
SIFC,00:00 às 06:00,2,0.02
SNCL,18:00 às 00:00,2,0.02
SNBR,12:00 às 18:00,2,0.02
SNBO,12:00 às 18:00,2,0.02
SIFC,06:00 às 12:00,2,0.02
SIFC,12:00 às 18:00,2,0.02
SDRS,18:00 às 00:00,2,0.02
SDRV,12:00 às 18:00,2,0.02
SNBA,12:00 às 18:00,2,0.02
SSKT,00:00 às 06:00,2,0.02
SNWC,00:00 às 06:00,2,0.02
SSKW,18:00 às 00:00,2,0.02
SNYP,12:00 às 18:00,2,0.02
SBCX,18:00 às 00:00,2,0.02
SDCD,00:00 às 06:00,2,0.02
SBPV,12:00 às 18:00,2,0.02
SBNT,00:00 às 06:00,2,0.02
SBAU,00:00 às 06:00,2,0.02
SBPC,18:00 às 00:00,2,0.02
SBPC,12:00 às 18:00,2,0.02
SBPG,12:00 às 18:00,2,0.02
SBPG,06:00 às 12:00,2,0.02
SWMW,00:00 às 06:00,2,0.02
SBPK,18:00 às 00:00,2,0.02
SBPK,12:00 às 18:00,2,0.02
SWMV,18:00 às 00:00,2,0.02
SBPP,18:00 às 00:00,2,0.02
SWLV,00:00 às 06:00,2,0.02
SBAR,18:00 às 00:00,2,0.02
SBPS,06:00 às 12:00,2,0.02
SBPV,06:00 às 12:00,2,0.02
SWJA,18:00 às 00:00,2,0.02
SBRB,06:00 às 12:00,2,0.02
SBAQ,00:00 às 06:00,2,0.02
SBAQ,18:00 às 00:00,2,0.02
SBAE,00:00 às 06:00,2,0.02
SBSI,18:00 às 00:00,2,0.02
SBSJ,06:00 às 12:00,2,0.02
SWLB,12:00 às 18:00,2,0.02
SWLB,18:00 às 00:00,2,0.02
SBST,12:00 às 18:00,2,0.02
SWXV,18:00 às 00:00,2,0.02
SBTA,12:00 às 18:00,2,0.02
SBTF,06:00 às 12:00,2,0.02
SWJW,12:00 às 18:00,2,0.02
SBTR,18:00 às 00:00,2,0.02
SBNT,12:00 às 18:00,2,0.02
SBNM,06:00 às 12:00,2,0.02
SBNM,12:00 às 18:00,2,0.02
SWNO,18:00 às 00:00,2,0.02
SBCR,12:00 às 18:00,2,0.02
SBCP,00:00 às 06:00,2,0.02
SWSI,06:00 às 12:00,2,0.02
SBCP,18:00 às 00:00,2,0.02
SWRO,18:00 às 00:00,2,0.02
SBFS,18:00 às 00:00,2,0.02
SBFS,12:00 às 18:00,2,0.02
SWRD,00:00 às 06:00,2,0.02
SWRD,12:00 às 18:00,2,0.02
SBCM,18:00 às 00:00,2,0.02
SBCJ,12:00 às 18:00,2,0.02
SBCH,12:00 às 18:00,2,0.02
SBCH,18:00 às 00:00,2,0.02
SBGP,12:00 às 18:00,2,0.02
SBGV,00:00 às 06:00,2,0.02
SBHT,12:00 às 18:00,2,0.02
SBHT,00:00 às 06:00,2,0.02
SWPI,12:00 às 18:00,2,0.02
SBJF,00:00 às 06:00,2,0.02
SWPD,00:00 às 06:00,2,0.02
SBJV,06:00 às 12:00,2,0.02
SBBU,06:00 às 12:00,2,0.02
SBLE,06:00 às 12:00,2,0.02
SBMG,06:00 às 12:00,2,0.02
SBMK,06:00 às 12:00,2,0.02
SWNS,00:00 às 06:00,2,0.02
SBMQ,18:00 às 00:00,2,0.02
SWNS,12:00 às 18:00,2,0.02
SBMS,12:00 às 18:00,2,0.02
SBTV,12:00 às 18:00,2,0.02
SNJX,00:00 às 06:00,2,0.02
9PAA,12:00 às 18:00,2,0.02
SDAA,12:00 às 18:00,2,0.02
SBVG,00:00 às 06:00,2,0.02
SDAG,18:00 às 00:00,2,0.02
SDAI,06:00 às 12:00,2,0.02
SDBK,18:00 às 00:00,2,0.02
SDBN,12:00 às 18:00,2,0.02
SBVH,00:00 às 06:00,2,0.02
SWGN,00:00 às 06:00,2,0.02
SBUR,18:00 às 00:00,2,0.02
SBVH,12:00 às 18:00,2,0.02
SBVC,18:00 às 00:00,2,0.02
SWGI,06:00 às 12:00,2,0.02
SDAA,00:00 às 06:00,2,0.02
SDBB,18:00 às 00:00,2,0.02
SBUY,18:00 às 00:00,2,0.02
SDAM,06:00 às 12:00,2,0.02
SNZA,18:00 às 00:00,1,0.01
SNYR,00:00 às 06:00,1,0.01
SNZA,12:00 às 18:00,1,0.01
SWPI,06:00 às 12:00,1,0.01
SWPM,00:00 às 06:00,1,0.01
SNYE,18:00 às 00:00,1,0.01
SNXW,06:00 às 12:00,1,0.01
SWPQ,12:00 às 18:00,1,0.01
SNZA,06:00 às 12:00,1,0.01
SNYS,00:00 às 06:00,1,0.01
SSTH,18:00 às 00:00,1,0.01
SNXT,12:00 às 18:00,1,0.01
SNVS,12:00 às 18:00,1,0.01
SNVB,00:00 às 06:00,1,0.01
SNVC,18:00 às 00:00,1,0.01
SNVI,06:00 às 12:00,1,0.01
SNVR,18:00 às 00:00,1,0.01
SNVR,12:00 às 18:00,1,0.01
SNVR,06:00 às 12:00,1,0.01
SNVS,06:00 às 12:00,1,0.01
SNXR,18:00 às 00:00,1,0.01
SNVS,00:00 às 06:00,1,0.01
SWEK,18:00 às 00:00,1,0.01
SNWC,12:00 às 18:00,1,0.01
SNWS,06:00 às 12:00,1,0.01
SSAC,12:00 às 18:00,1,0.01
SWPY,18:00 às 00:00,1,0.01
SNXI,18:00 às 00:00,1,0.01
SSAN,18:00 às 00:00,1,0.01
SWGI,12:00 às 18:00,1,0.01
SWEI,12:00 às 18:00,1,0.01
SWOZ,12:00 às 18:00,1,0.01
SSBN,06:00 às 12:00,1,0.01
SSBR,12:00 às 18:00,1,0.01
SSCD,18:00 às 00:00,1,0.01
SSCE,18:00 às 00:00,1,0.01
SSCF,12:00 às 18:00,1,0.01
SSCK,18:00 às 00:00,1,0.01
SSCK,12:00 às 18:00,1,0.01
SWON,06:00 às 12:00,1,0.01
SWON,12:00 às 18:00,1,0.01
SWOK,00:00 às 06:00,1,0.01
SWOB,12:00 às 18:00,1,0.01
SWDC,12:00 às 18:00,1,0.01
SSCN,00:00 às 06:00,1,0.01
SWOB,18:00 às 00:00,1,0.01
SWEF,00:00 às 06:00,1,0.01
SSBL,06:00 às 12:00,1,0.01
SWUQ,18:00 às 00:00,1,0.01
SWPA,18:00 às 00:00,1,0.01
SSAK,18:00 às 00:00,1,0.01
SNVB,12:00 às 18:00,1,0.01
SSAP,18:00 às 00:00,1,0.01
SSAQ,18:00 às 00:00,1,0.01
SSAQ,00:00 às 06:00,1,0.01
SSAU,06:00 às 12:00,1,0.01
SWUQ,12:00 às 18:00,1,0.01
SWEJ,06:00 às 12:00,1,0.01
SSAY,18:00 às 00:00,1,0.01
SSAY,00:00 às 06:00,1,0.01
SWPD,18:00 às 00:00,1,0.01
SWEJ,12:00 às 18:00,1,0.01
SWUV,12:00 às 18:00,1,0.01
SWGL,18:00 às 00:00,1,0.01
SWPC,12:00 às 18:00,1,0.01
SWPY,00:00 às 06:00,1,0.01
SNUN,06:00 às 12:00,1,0.01
SNUZ,06:00 às 12:00,1,0.01
SNMH,12:00 às 18:00,1,0.01
SWSI,18:00 às 00:00,1,0.01
SNMM,00:00 às 06:00,1,0.01
SNMU,12:00 às 18:00,1,0.01
SNMU,00:00 às 06:00,1,0.01
SNMX,18:00 às 00:00,1,0.01
SNNL,00:00 às 06:00,1,0.01
SNOD,12:00 às 18:00,1,0.01
SWFX,18:00 às 00:00,1,0.01
SNOG,18:00 às 00:00,1,0.01
SNOG,12:00 às 18:00,1,0.01
SWRZ,00:00 às 06:00,1,0.01
SWRW,06:00 às 12:00,1,0.01
SWFX,12:00 às 18:00,1,0.01
SWFN,06:00 às 12:00,1,0.01
SNPC,12:00 às 18:00,1,0.01
SNML,12:00 às 18:00,1,0.01
SNMH,18:00 às 00:00,1,0.01
SWQC,00:00 às 06:00,1,0.01
SWSI,12:00 às 18:00,1,0.01
SNKE,18:00 às 00:00,1,0.01
SNKE,06:00 às 12:00,1,0.01
SWSI,00:00 às 06:00,1,0.01
SWSL,06:00 às 12:00,1,0.01
SNKF,12:00 às 18:00,1,0.01
SNKF,00:00 às 06:00,1,0.01
SNKH,12:00 às 18:00,1,0.01
SNKI,12:00 às 18:00,1,0.01
SNKK,12:00 às 18:00,1,0.01
SWFV,12:00 às 18:00,1,0.01
SNLF,12:00 às 18:00,1,0.01
SNLM,12:00 às 18:00,1,0.01
SNLO,00:00 às 06:00,1,0.01
SNMA,00:00 às 06:00,1,0.01
SWTO,18:00 às 00:00,1,0.01
SNPD,18:00 às 00:00,1,0.01
SNPD,12:00 às 18:00,1,0.01
SWFX,00:00 às 06:00,1,0.01
SNPJ,18:00 às 00:00,1,0.01
SWEN,00:00 às 06:00,1,0.01
SNSW,18:00 às 00:00,1,0.01
SWUI,00:00 às 06:00,1,0.01
SNTF,18:00 às 00:00,1,0.01
SNTO,18:00 às 00:00,1,0.01
SNTO,00:00 às 06:00,1,0.01
SNTY,12:00 às 18:00,1,0.01
SWQI,00:00 às 06:00,1,0.01
SNTY,06:00 às 12:00,1,0.01
SNTZ,12:00 às 18:00,1,0.01
SNUH,12:00 às 18:00,1,0.01
SNUH,00:00 às 06:00,1,0.01
SNUN,18:00 às 00:00,1,0.01
SSCR,18:00 às 00:00,1,0.01
SWQE,18:00 às 00:00,1,0.01
SWGC,00:00 às 06:00,1,0.01
SNSG,00:00 às 06:00,1,0.01
SNRX,12:00 às 18:00,1,0.01
SNQX,06:00 às 12:00,1,0.01
SNPO,12:00 às 18:00,1,0.01
SNPX,06:00 às 12:00,1,0.01
SNPY,00:00 às 06:00,1,0.01
SNQV,18:00 às 00:00,1,0.01
SNQV,12:00 às 18:00,1,0.01
SWEW,12:00 às 18:00,1,0.01
SNRJ,18:00 às 00:00,1,0.01
SNRU,00:00 às 06:00,1,0.01
SWTS,18:00 às 00:00,1,0.01
SWEQ,12:00 às 18:00,1,0.01
SNRP,12:00 às 18:00,1,0.01
SWUI,18:00 às 00:00,1,0.01
SNRU,18:00 às 00:00,1,0.01
SNRU,12:00 às 18:00,1,0.01
SSCP,06:00 às 12:00,1,0.01
SSDP,18:00 às 00:00,1,0.01
SSCT,00:00 às 06:00,1,0.01
SSOK,18:00 às 00:00,1,0.01
SWWF,12:00 às 18:00,1,0.01
SWWU,00:00 às 06:00,1,0.01
SSOL,00:00 às 06:00,1,0.01
SNKB,00:00 às 06:00,1,0.01
SWKO,18:00 às 00:00,1,0.01
SWKN,00:00 às 06:00,1,0.01
SWXJ,00:00 às 06:00,1,0.01
SWXQ,18:00 às 00:00,1,0.01
SSOS,12:00 às 18:00,1,0.01
SWXQ,12:00 às 18:00,1,0.01
SSUV,12:00 às 18:00,1,0.01
SSOT,06:00 às 12:00,1,0.01
SSPB,00:00 às 06:00,1,0.01
SWKF,12:00 às 18:00,1,0.01
SWKC,06:00 às 12:00,1,0.01
SSOL,18:00 às 00:00,1,0.01
SWKO,00:00 às 06:00,1,0.01
SSCW,18:00 às 00:00,1,0.01
SWKT,12:00 às 18:00,1,0.01
SWVR,00:00 às 06:00,1,0.01
SWVW,00:00 às 06:00,1,0.01
SSNG,18:00 às 00:00,1,0.01
SSWF,06:00 às 12:00,1,0.01
SWIN,06:00 às 12:00,1,0.01
SWVZ,12:00 às 18:00,1,0.01
SSNH,06:00 às 12:00,1,0.01
SSNV,18:00 às 00:00,1,0.01
SWWA,12:00 às 18:00,1,0.01
SSVS,00:00 às 06:00,1,0.01
SWLC,18:00 às 00:00,1,0.01
SSVN,18:00 às 00:00,1,0.01
SWLB,00:00 às 06:00,1,0.01
SSVL,06:00 às 12:00,1,0.01
SSVA,12:00 às 18:00,1,0.01
SWKC,18:00 às 00:00,1,0.01
SSPG,18:00 às 00:00,1,0.01
SSUM,06:00 às 12:00,1,0.01
SSPI,18:00 às 00:00,1,0.01
SSQZ,18:00 às 00:00,1,0.01
SSQZ,12:00 às 18:00,1,0.01
SSRA,12:00 às 18:00,1,0.01
SWJN,12:00 às 18:00,1,0.01
SSRB,18:00 às 00:00,1,0.01
SSTH,12:00 às 18:00,1,0.01
SSRS,12:00 às 18:00,1,0.01
SSRS,00:00 às 06:00,1,0.01
SSRZ,18:00 às 00:00,1,0.01
SSRZ,00:00 às 06:00,1,0.01
SSSB,18:00 às 00:00,1,0.01
SWYH,00:00 às 06:00,1,0.01
SSSE,00:00 às 06:00,1,0.01
SSSG,06:00 às 12:00,1,0.01
SSSS,12:00 às 18:00,1,0.01
SSQW,12:00 às 18:00,1,0.01
SSTL,12:00 às 18:00,1,0.01
SSQT,00:00 às 06:00,1,0.01
SSPS,00:00 às 06:00,1,0.01
SWJW,00:00 às 06:00,1,0.01
SWJW,18:00 às 00:00,1,0.01
SSPL,12:00 às 18:00,1,0.01
SSPL,06:00 às 12:00,1,0.01
SSPO,18:00 às 00:00,1,0.01
SSPQ,18:00 às 00:00,1,0.01
SSUL,12:00 às 18:00,1,0.01
SWJN,06:00 às 12:00,1,0.01
SSPV,12:00 às 18:00,1,0.01
SSUB,18:00 às 00:00,1,0.01
SWJP,18:00 às 00:00,1,0.01
SWJN,00:00 às 06:00,1,0.01
SSPX,18:00 às 00:00,1,0.01
SSQI,18:00 às 00:00,1,0.01
SSNB,18:00 às 00:00,1,0.01
SWLC,00:00 às 06:00,1,0.01
SSMW,00:00 às 06:00,1,0.01
SSIE,06:00 às 12:00,1,0.01
SSGA,18:00 às 00:00,1,0.01
SSGB,12:00 às 18:00,1,0.01
SSGB,00:00 às 06:00,1,0.01
SWGN,12:00 às 18:00,1,0.01
SWGN,06:00 às 12:00,1,0.01
SSGG,12:00 às 18:00,1,0.01
SWYV,00:00 às 06:00,1,0.01
SSGP,12:00 às 18:00,1,0.01
SWGP,06:00 às 12:00,1,0.01
SWNK,18:00 às 00:00,1,0.01
SSGX,06:00 às 12:00,1,0.01
SSHA,12:00 às 18:00,1,0.01
SSHS,12:00 às 18:00,1,0.01
SSHS,00:00 às 06:00,1,0.01
SWFR,00:00 às 06:00,1,0.01
SWVC,06:00 às 12:00,1,0.01
SWGN,18:00 às 00:00,1,0.01
SSFE,12:00 às 18:00,1,0.01
SSER,06:00 às 12:00,1,0.01
SSDK,18:00 às 00:00,1,0.01
SSDO,12:00 às 18:00,1,0.01
SSDO,06:00 às 12:00,1,0.01
SSSZ,06:00 às 12:00,1,0.01
SSDP,12:00 às 18:00,1,0.01
SWNS,06:00 às 12:00,1,0.01
SSET,12:00 às 18:00,1,0.01
SSFC,00:00 às 06:00,1,0.01
SWCA,06:00 às 12:00,1,0.01
SWGM,00:00 às 06:00,1,0.01
SWUZ,00:00 às 06:00,1,0.01
SWNO,12:00 às 18:00,1,0.01
SSFB,00:00 às 06:00,1,0.01
SSFC,12:00 às 18:00,1,0.01
SWNH,06:00 às 12:00,1,0.01
SWVI,12:00 às 18:00,1,0.01
SSMK,00:00 às 06:00,1,0.01
SSIM,12:00 às 18:00,1,0.01
SWME,12:00 às 18:00,1,0.01
SWLW,06:00 às 12:00,1,0.01
SWLV,18:00 às 00:00,1,0.01
SWAT,00:00 às 06:00,1,0.01
SSKW,00:00 às 06:00,1,0.01
SWAQ,12:00 às 18:00,1,0.01
SSZR,18:00 às 00:00,1,0.01
SSZL,12:00 às 18:00,1,0.01
SSKZ,06:00 às 12:00,1,0.01
SSXO,00:00 às 06:00,1,0.01
SSKZ,00:00 às 06:00,1,0.01
SSXO,18:00 às 00:00,1,0.01
SSLT,18:00 às 00:00,1,0.01
SSLT,12:00 às 18:00,1,0.01
SSMH,12:00 às 18:00,1,0.01
SWME,06:00 às 12:00,1,0.01
SWMO,06:00 às 12:00,1,0.01
SWHP,00:00 às 06:00,1,0.01
SWNB,06:00 às 12:00,1,0.01
SSIQ,18:00 às 00:00,1,0.01
SSJA,12:00 às 18:00,1,0.01
SWNH,12:00 às 18:00,1,0.01
SSJL,18:00 às 00:00,1,0.01
SWGW,12:00 às 18:00,1,0.01
SWNG,00:00 às 06:00,1,0.01
SWMZ,18:00 às 00:00,1,0.01
SSKS,00:00 às 06:00,1,0.01
SWHP,18:00 às 00:00,1,0.01
SWBE,18:00 às 00:00,1,0.01
SSKM,18:00 às 00:00,1,0.01
SSKM,00:00 às 06:00,1,0.01
SWHP,06:00 às 12:00,1,0.01
SSKS,18:00 às 00:00,1,0.01
SWNH,00:00 às 06:00,1,0.01
SIAQ,18:00 às 00:00,1,0.01
SNJR,18:00 às 00:00,1,0.01
SDEN,00:00 às 06:00,1,0.01
SDCD,12:00 às 18:00,1,0.01
SDDN,12:00 às 18:00,1,0.01
SDDQ,12:00 às 18:00,1,0.01
SDDR,12:00 às 18:00,1,0.01
SDED,18:00 às 00:00,1,0.01
SDED,00:00 às 06:00,1,0.01
SDEE,18:00 às 00:00,1,0.01
SDEH,00:00 às 06:00,1,0.01
SDEM,18:00 às 00:00,1,0.01
SDEN,18:00 às 00:00,1,0.01
SDET,12:00 às 18:00,1,0.01
SDIO,06:00 às 12:00,1,0.01
SDET,06:00 às 12:00,1,0.01
SDFD,18:00 às 00:00,1,0.01
SDFD,12:00 às 18:00,1,0.01
SDGB,06:00 às 12:00,1,0.01
SDGC,18:00 às 00:00,1,0.01
SDGR,18:00 às 00:00,1,0.01
SDGX,12:00 às 18:00,1,0.01
SDHP,12:00 às 18:00,1,0.01
SDHU,12:00 às 18:00,1,0.01
SDIG,06:00 às 12:00,1,0.01
SDBV,00:00 às 06:00,1,0.01
SDBN,18:00 às 00:00,1,0.01
SDBK,12:00 às 18:00,1,0.01
SDBB,00:00 às 06:00,1,0.01
SBTR,00:00 às 06:00,1,0.01
SBTT,00:00 às 06:00,1,0.01
SBTV,00:00 às 06:00,1,0.01
SBUA,12:00 às 18:00,1,0.01
SBUF,00:00 às 06:00,1,0.01
SBUR,06:00 às 12:00,1,0.01
SBUY,12:00 às 18:00,1,0.01
SBUY,06:00 às 12:00,1,0.01
SBVG,18:00 às 00:00,1,0.01
SBVG,12:00 às 18:00,1,0.01
SBVH,18:00 às 00:00,1,0.01
SBZM,00:00 às 06:00,1,0.01
SD4V,12:00 às 18:00,1,0.01
SD6Y,12:00 às 18:00,1,0.01
SD8A,12:00 às 18:00,1,0.01
SD8H,06:00 às 12:00,1,0.01
SDAA,18:00 às 00:00,1,0.01
SDAE,12:00 às 18:00,1,0.01
SDAG,06:00 às 12:00,1,0.01
SDAI,00:00 às 06:00,1,0.01
SDBA,18:00 às 00:00,1,0.01
SDIL,00:00 às 06:00,1,0.01
SDJA,18:00 às 00:00,1,0.01
SBTK,12:00 às 18:00,1,0.01
SDOR,12:00 às 18:00,1,0.01
SDNE,06:00 às 12:00,1,0.01
SDNH,18:00 às 00:00,1,0.01
SDNH,06:00 às 12:00,1,0.01
SDNI,00:00 às 06:00,1,0.01
SDNO,00:00 às 06:00,1,0.01
SDNQ,00:00 às 06:00,1,0.01
SDNY,06:00 às 12:00,1,0.01
SDOI,18:00 às 00:00,1,0.01
SDOI,12:00 às 18:00,1,0.01
SDOR,18:00 às 00:00,1,0.01
SDP8,12:00 às 18:00,1,0.01
SDJA,06:00 às 12:00,1,0.01
SDPA,00:00 às 06:00,1,0.01
SDPG,18:00 às 00:00,1,0.01
SDPN,00:00 às 06:00,1,0.01
SDPW,06:00 às 12:00,1,0.01
SDQ4,06:00 às 12:00,1,0.01
SDQG,18:00 às 00:00,1,0.01
SDRC,12:00 às 18:00,1,0.01
SDRE,18:00 às 00:00,1,0.01
SDRJ,18:00 às 00:00,1,0.01
SDRK,00:00 às 06:00,1,0.01
SDNE,18:00 às 00:00,1,0.01
SDNB,00:00 às 06:00,1,0.01
SDNB,18:00 às 00:00,1,0.01
SDMV,18:00 às 00:00,1,0.01
SDJB,12:00 às 18:00,1,0.01
SDJC,18:00 às 00:00,1,0.01
SDJL,18:00 às 00:00,1,0.01
SDJL,06:00 às 12:00,1,0.01
SDJO,12:00 às 18:00,1,0.01
SDJO,06:00 às 12:00,1,0.01
SDKE,12:00 às 18:00,1,0.01
SDKH,18:00 às 00:00,1,0.01
SDLL,00:00 às 06:00,1,0.01
SDLO,18:00 às 00:00,1,0.01
SDLP,12:00 às 18:00,1,0.01
SDLY,12:00 às 18:00,1,0.01
SDLZ,00:00 às 06:00,1,0.01
SDMC,06:00 às 12:00,1,0.01
SDME,00:00 às 06:00,1,0.01
SDMH,18:00 às 00:00,1,0.01
SDMH,06:00 às 12:00,1,0.01
SDMJ,18:00 às 00:00,1,0.01
SDMJ,12:00 às 18:00,1,0.01
SDMJ,06:00 às 12:00,1,0.01
SDMM,12:00 às 18:00,1,0.01
SBTR,12:00 às 18:00,1,0.01
SBTG,18:00 às 00:00,1,0.01
SNJO,12:00 às 18:00,1,0.01
SBFS,00:00 às 06:00,1,0.01
SBCP,06:00 às 12:00,1,0.01
SBCR,18:00 às 00:00,1,0.01
SBCZ,00:00 às 06:00,1,0.01
SBEK,18:00 às 00:00,1,0.01
SBEK,12:00 às 18:00,1,0.01
SBEK,06:00 às 12:00,1,0.01
SBFE,12:00 às 18:00,1,0.01
SBFN,18:00 às 00:00,1,0.01
SBFN,00:00 às 06:00,1,0.01
SBFS,06:00 às 12:00,1,0.01
SBGP,18:00 às 00:00,1,0.01
SBJF,06:00 às 12:00,1,0.01
SBGP,00:00 às 06:00,1,0.01
SBGV,18:00 às 00:00,1,0.01
SBGV,12:00 às 18:00,1,0.01
SBGW,00:00 às 06:00,1,0.01
SBHT,06:00 às 12:00,1,0.01
SBIP,06:00 às 12:00,1,0.01
SBIP,00:00 às 06:00,1,0.01
SBIT,06:00 às 12:00,1,0.01
SBIT,00:00 às 06:00,1,0.01
SBIZ,18:00 às 00:00,1,0.01
SBCM,00:00 às 06:00,1,0.01
SBCJ,00:00 às 06:00,1,0.01
SBCH,00:00 às 06:00,1,0.01
SBCB,00:00 às 06:00,1,0.01
5JTI,06:00 às 12:00,1,0.01
9PAA,00:00 às 06:00,1,0.01
9PBS,18:00 às 00:00,1,0.01
9PEB,06:00 às 12:00,1,0.01
9PFC,12:00 às 18:00,1,0.01
9PHD,06:00 às 12:00,1,0.01
9PKD,00:00 às 06:00,1,0.01
9PSD,12:00 às 18:00,1,0.01
SBAE,06:00 às 12:00,1,0.01
SBAN,06:00 às 12:00,1,0.01
SBAQ,12:00 às 18:00,1,0.01
SBAQ,06:00 às 12:00,1,0.01
SBAT,12:00 às 18:00,1,0.01
SBAU,06:00 às 12:00,1,0.01
SBAX,00:00 às 06:00,1,0.01
SBBG,12:00 às 18:00,1,0.01
SBBQ,00:00 às 06:00,1,0.01
SBBV,06:00 às 12:00,1,0.01
SBBW,18:00 às 00:00,1,0.01
SBBW,00:00 às 06:00,1,0.01
SBBZ,00:00 às 06:00,1,0.01
SBIZ,06:00 às 12:00,1,0.01
SBJH,12:00 às 18:00,1,0.01
SBTF,18:00 às 00:00,1,0.01
SBSG,06:00 às 12:00,1,0.01
SBPL,06:00 às 12:00,1,0.01
SBPN,12:00 às 18:00,1,0.01
SBPN,00:00 às 06:00,1,0.01
SBPO,18:00 às 00:00,1,0.01
SBPO,00:00 às 06:00,1,0.01
SBPP,00:00 às 06:00,1,0.01
SBQE,18:00 às 00:00,1,0.01
SBRD,18:00 às 00:00,1,0.01
SBRD,00:00 às 06:00,1,0.01
SBSC,18:00 às 00:00,1,0.01
SBSI,12:00 às 18:00,1,0.01
SBJH,00:00 às 06:00,1,0.01
SBSM,18:00 às 00:00,1,0.01
SBSM,06:00 às 12:00,1,0.01
SBSM,00:00 às 06:00,1,0.01
SBSO,12:00 às 18:00,1,0.01
SBST,18:00 às 00:00,1,0.01
SBST,06:00 às 12:00,1,0.01
SBST,00:00 às 06:00,1,0.01
SBTA,00:00 às 06:00,1,0.01
SBTD,18:00 às 00:00,1,0.01
SBTD,06:00 às 12:00,1,0.01
SBPK,06:00 às 12:00,1,0.01
SBPG,00:00 às 06:00,1,0.01
SBPF,06:00 às 12:00,1,0.01
SBPC,00:00 às 06:00,1,0.01
SBKG,18:00 às 00:00,1,0.01
SBKG,06:00 às 12:00,1,0.01
SBKG,00:00 às 06:00,1,0.01
SBLE,18:00 às 00:00,1,0.01
SBLE,12:00 às 18:00,1,0.01
SBLJ,18:00 às 00:00,1,0.01
SBMD,12:00 às 18:00,1,0.01
SBMD,00:00 às 06:00,1,0.01
SBMI,18:00 às 00:00,1,0.01
SBMI,00:00 às 06:00,1,0.01
SBML,06:00 às 12:00,1,0.01
SBMQ,06:00 às 12:00,1,0.01
SBMY,18:00 às 00:00,1,0.01
SBMY,12:00 às 18:00,1,0.01
SBMY,06:00 às 12:00,1,0.01
SBNM,00:00 às 06:00,1,0.01
SBNT,06:00 às 12:00,1,0.01
SBOI,06:00 às 12:00,1,0.01
SBOQ,00:00 às 06:00,1,0.01
SBPB,12:00 às 18:00,1,0.01
SBPC,06:00 às 12:00,1,0.01
SDRP,12:00 às 18:00,1,0.01
SDRQ,12:00 às 18:00,1,0.01
SDSC,18:00 às 00:00,1,0.01
SNAX,00:00 às 06:00,1,0.01
SJYG,12:00 às 18:00,1,0.01
SJYR,12:00 às 18:00,1,0.01
SNAG,18:00 às 00:00,1,0.01
SNAL,12:00 às 18:00,1,0.01
SNAR,12:00 às 18:00,1,0.01
SNAS,12:00 às 18:00,1,0.01
SNAU,18:00 às 00:00,1,0.01
SNAU,12:00 às 18:00,1,0.01
SNAU,06:00 às 12:00,1,0.01
SNAU,00:00 às 06:00,1,0.01
SNAZ,12:00 às 18:00,1,0.01
SNCX,00:00 às 06:00,1,0.01
SNBA,18:00 às 00:00,1,0.01
SNBG,00:00 às 06:00,1,0.01
SNBR,00:00 às 06:00,1,0.01
SNBS,18:00 às 00:00,1,0.01
SNCJ,18:00 às 00:00,1,0.01
SNCJ,12:00 às 18:00,1,0.01
SNCJ,00:00 às 06:00,1,0.01
SNCL,12:00 às 18:00,1,0.01
SNCT,06:00 às 12:00,1,0.01
SNCV,18:00 às 00:00,1,0.01
SJXM,12:00 às 18:00,1,0.01
SJVX,12:00 às 18:00,1,0.01
SJVO,00:00 às 06:00,1,0.01
SJVO,12:00 às 18:00,1,0.01
SJLU,00:00 às 06:00,1,0.01
SJLY,18:00 às 00:00,1,0.01
SJLY,12:00 às 18:00,1,0.01
SJNC,18:00 às 00:00,1,0.01
SJNP,18:00 às 00:00,1,0.01
SJNP,00:00 às 06:00,1,0.01
SJNQ,00:00 às 06:00,1,0.01
SJOD,00:00 às 06:00,1,0.01
SJOG,12:00 às 18:00,1,0.01
SJOG,06:00 às 12:00,1,0.01
SJPR,18:00 às 00:00,1,0.01
SJPT,18:00 às 00:00,1,0.01
SJPT,12:00 às 18:00,1,0.01
SJQI,12:00 às 18:00,1,0.01
SJQN,18:00 às 00:00,1,0.01
SJRG,06:00 às 12:00,1,0.01
SJRG,00:00 às 06:00,1,0.01
SJSH,12:00 às 18:00,1,0.01
SJTO,12:00 às 18:00,1,0.01
SJVL,18:00 às 00:00,1,0.01
SJVO,18:00 às 00:00,1,0.01
SNCW,18:00 às 00:00,1,0.01
SNDC,18:00 às 00:00,1,0.01
SDSC,00:00 às 06:00,1,0.01
SNIC,18:00 às 00:00,1,0.01
SNGU,12:00 às 18:00,1,0.01
SNGV,00:00 às 06:00,1,0.01
SNGW,00:00 às 06:00,1,0.01
SNGX,12:00 às 18:00,1,0.01
SNHB,00:00 às 06:00,1,0.01
SNHD,18:00 às 00:00,1,0.01
SNHE,12:00 às 18:00,1,0.01
SNHH,18:00 às 00:00,1,0.01
SNHN,06:00 às 12:00,1,0.01
SNHS,12:00 às 18:00,1,0.01
SNIF,12:00 às 18:00,1,0.01
SNDC,00:00 às 06:00,1,0.01
SNIG,18:00 às 00:00,1,0.01
SNIG,06:00 às 12:00,1,0.01
SNIT,12:00 às 18:00,1,0.01
SNIT,06:00 às 12:00,1,0.01
SNIZ,06:00 às 12:00,1,0.01
SNJI,06:00 às 12:00,1,0.01
SNJK,18:00 às 00:00,1,0.01
SNJL,18:00 às 00:00,1,0.01
SNJL,00:00 às 06:00,1,0.01
SNJN,18:00 às 00:00,1,0.01
SNGU,18:00 às 00:00,1,0.01
SNGS,12:00 às 18:00,1,0.01
SNGS,18:00 às 00:00,1,0.01
SNGQ,18:00 às 00:00,1,0.01
SNDH,00:00 às 06:00,1,0.01
SNDP,06:00 às 12:00,1,0.01
SNDR,12:00 às 18:00,1,0.01
SNDT,18:00 às 00:00,1,0.01
SNDT,06:00 às 12:00,1,0.01
SNDT,00:00 às 06:00,1,0.01
SNDU,12:00 às 18:00,1,0.01
SNDV,06:00 às 12:00,1,0.01
SNEB,12:00 às 18:00,1,0.01
SNEJ,18:00 às 00:00,1,0.01
SNEM,12:00 às 18:00,1,0.01
SNEM,00:00 às 06:00,1,0.01
SNFE,12:00 às 18:00,1,0.01
SNFJ,06:00 às 12:00,1,0.01
SNFS,06:00 às 12:00,1,0.01
SNFX,18:00 às 00:00,1,0.01
SNGA,18:00 às 00:00,1,0.01
SNGA,00:00 às 06:00,1,0.01
SNGG,06:00 às 12:00,1,0.01
SNGG,00:00 às 06:00,1,0.01
SNGI,12:00 às 18:00,1,0.01
SJLU,18:00 às 00:00,1,0.01
SJLO,12:00 às 18:00,1,0.01
SJLO,18:00 às 00:00,1,0.01
SIHC,12:00 às 18:00,1,0.01
SIBH,18:00 às 00:00,1,0.01
SIBH,00:00 às 06:00,1,0.01
SIBX,18:00 às 00:00,1,0.01
SICJ,12:00 às 18:00,1,0.01
SICM,12:00 às 18:00,1,0.01
SIEK,12:00 às 18:00,1,0.01
SIFH,18:00 às 00:00,1,0.01
SIFQ,00:00 às 06:00,1,0.01
SIFV,00:00 às 06:00,1,0.01
SIFW,12:00 às 18:00,1,0.01
SIHC,06:00 às 12:00,1,0.01
SJLJ,18:00 às 00:00,1,0.01
SIJG,12:00 às 18:00,1,0.01
SIJY,12:00 às 18:00,1,0.01
SIKC,18:00 às 00:00,1,0.01
SILC,06:00 às 12:00,1,0.01
SILT,00:00 às 06:00,1,0.01
SIMB,18:00 às 00:00,1,0.01
SIMB,12:00 às 18:00,1,0.01
SIMB,00:00 às 06:00,1,0.01
SIMK,12:00 às 18:00,1,0.01
SIMK,00:00 às 06:00,1,0.01
SIAV,00:00 às 06:00,1,0.01
SIAN,00:00 às 06:00,1,0.01
SIAN,18:00 às 00:00,1,0.01
SIAE,00:00 às 06:00,1,0.01
SDTB,06:00 às 12:00,1,0.01
SDTI,18:00 às 00:00,1,0.01
SDTK,18:00 às 00:00,1,0.01
SDTO,06:00 às 12:00,1,0.01
SDUB,00:00 às 06:00,1,0.01
SDUL,18:00 às 00:00,1,0.01
SDVH,06:00 às 12:00,1,0.01
SDVK,12:00 às 18:00,1,0.01
SDVL,06:00 às 12:00,1,0.01
SDVO,06:00 às 12:00,1,0.01
SDW6,00:00 às 06:00,1,0.01
SDWC,06:00 às 12:00,1,0.01
SDWU,12:00 às 18:00,1,0.01
SDWV,18:00 às 00:00,1,0.01
SDXF,06:00 às 12:00,1,0.01
SDXF,00:00 às 06:00,1,0.01
SDYF,00:00 às 06:00,1,0.01
SDYJ,18:00 às 00:00,1,0.01
SDYW,18:00 às 00:00,1,0.01
SDZS,06:00 às 12:00,1,0.01
SDZX,06:00 às 12:00,1,0.01
SIMQ,12:00 às 18:00,1,0.01
SING,06:00 às 12:00,1,0.01
SIOE,00:00 às 06:00,1,0.01
SJAH,12:00 às 18:00,1,0.01
SJBH,00:00 às 06:00,1,0.01
SJBM,12:00 às 18:00,1,0.01
SJBX,00:00 às 06:00,1,0.01
SJBY,12:00 às 18:00,1,0.01
SJBY,06:00 às 12:00,1,0.01
SJCG,00:00 às 06:00,1,0.01
SJCM,18:00 às 00:00,1,0.01
SJCY,18:00 às 00:00,1,0.01
SJCY,06:00 às 12:00,1,0.01
SJDU,06:00 às 12:00,1,0.01
SJEH,12:00 às 18:00,1,0.01
SJFM,18:00 às 00:00,1,0.01
SJFU,12:00 às 18:00,1,0.01
SJGJ,00:00 às 06:00,1,0.01
SJGL,12:00 às 18:00,1,0.01
SJHG,06:00 às 12:00,1,0.01
SJHR,18:00 às 00:00,1,0.01
SJIF,18:00 às 00:00,1,0.01
SJIJ,00:00 às 06:00,1,0.01
SJJJ,00:00 às 06:00,1,0.01
SJKI,12:00 às 18:00,1,0.01
SJBH,06:00 às 12:00,1,0.01
SIZM,12:00 às 18:00,1,0.01
SION,12:00 às 18:00,1,0.01
SIXZ,12:00 às 18:00,1,0.01
SIOZ,12:00 às 18:00,1,0.01
SIPB,18:00 às 00:00,1,0.01
SIPB,12:00 às 18:00,1,0.01
SIPO,18:00 às 00:00,1,0.01
SIPO,12:00 às 18:00,1,0.01
SIPU,06:00 às 12:00,1,0.01
SIPY,06:00 às 12:00,1,0.01
SIQH,18:00 às 00:00,1,0.01
SIQK,18:00 às 00:00,1,0.01
SIQV,00:00 às 06:00,1,0.01
SIRI,18:00 às 00:00,1,0.01
SIRS,12:00 às 18:00,1,0.01
SISN,06:00 às 12:00,1,0.01
SISY,00:00 às 06:00,1,0.01
SIUD,12:00 às 18:00,1,0.01
SIVB,00:00 às 06:00,1,0.01
SIVN,00:00 às 06:00,1,0.01
SIVQ,18:00 às 00:00,1,0.01
SIXE,18:00 às 00:00,1,0.01
SIXE,06:00 às 12:00,1,0.01
SIXE,00:00 às 06:00,1,0.01
SWYW,00:00 às 06:00,1,0.01
